City,EduID,AC_YEAR,Name,Locality,Street Address,VILLAGE_NAME,State,Pincode,,,,h_place_id,h_category,h_col,h_word,h_name,h_address
DAMAN,25020102405,2015-16,GHS MOTIDAMAN,DAMAN,MUNICIPAL AREA,MOTI DAMAN (DMC),Daman and Diu,396220,,,,,,,,,
DAMAN,25020100103,2015-16,GHS PATLARA,DAMAN,DAMANWADA,PATLARA,Daman and Diu,396220,,,,,,,,,
DAMAN,25020100604,2015-16,GHS DAMANWADA,DAMAN,DAMANWADA,DAMANWADA,Daman and Diu,396220,,,,,,,,,
DIU,25010100316,2015-16,"GOVT. HIGH SCHOOL(BOYS), GHOGHLA",DIU,GHOGHLA,GHOGHLA,Daman and Diu,362540,,,,ChIJdTENX9kc4zsRWIIxx-6zGvg,B,Locality,diu,"Govt. High School (Girls), Diu","Diu, Daman and Diu 362520, India"
DIU,25010100605,2015-16,"GOVT. HIGH SCHOOL, FUDAM",DIU,GHOGHLA,FUDAM,Daman and Diu,362520,,,,ChIJAQAAu9sc4zsRktxma4Jh-Ug,A,VILLAGE_NAME,fudam,Kendriya Vidyalaya,"Govt High School Campuas, Fudam, Diu, Daman & Diu, Daman, Daman and Diu 362250, India"
DIU,25010100317,2015-16,"GOVT. HIGHER SEC. SCHOOL(G),GHOGHLA",DIU,GHOGHLA,GHOGHLA,Daman and Diu,362540,,,,ChIJLZHy_dAc4zsRjhd7O9aFj-E,B,Locality,diu,Government Higher Secondary School,"Diu, Daman and Diu 362520, India"
DIU,25010100706,2015-16,"GALAXY GUJARATI MEDIUM SCHOOL,FUDAM",DIU,GHOGHLA,FUDAM,Daman and Diu,362520,,,,ChIJ29lgoPAc4zsRPxMlHpfvA3k,A,VILLAGE_NAME,fudam,Galaxy English Medium School,"Fudam, Diu, Daman and Diu 362520, India"
DAMAN,25020100803,2015-16,GHS PARIYARI,DAMAN,DAMANWADA,PARIYARI,Daman and Diu,396220,,,,,,,,,
DAMAN,25020101305,2015-16,GHS DUNETHA,DAMAN,VARKUND,DUNETHA,Daman and Diu,396210,,,,,,,,,
DAMAN,25020101404,2015-16,GHS VARKUND,DAMAN,VARKUND,VARKUND,Daman and Diu,396210,,,,,,,,,
DAMAN,25020102615,2015-16,GHS NANIDAMAN (E/M),DAMAN,MUNICIPAL AREA,NANI DAMAN (DMC),Daman and Diu,396210,,,,,,,,,
DIU,25010101102,2015-16,GMS BUCHARWADA,DIU,BUCHARWADA,BUCHARWADA,Daman and Diu,362571,,,,,,,,,
DAMAN,25020101102,2015-16,GMS AMBAWADI,DAMAN,DAMANWADA,AMBAWADI,Daman and Diu,396220,,,,ChIJl7ArMo_Q4DsR_MPHvsnkRwI,B,Locality,daman,Ambawadi school,"Patlara, Daman, Daman and Diu 396215, India"
DAMAN,25020100401,2015-16,GPS BHAMTI,DAMAN,DAMANWADA,BHAMTI,Daman and Diu,396220,,,,,,,,,
DAMAN,25020100402,2015-16,GMS BHAMTI,DAMAN,DAMANWADA,BHAMTI,Daman and Diu,396210,,,,,,,,,
DAMAN,25020100605,2015-16,GMS DAMANWADA E/M,DAMAN,DAMANWADA,DAMANWADA,Daman and Diu,396220,,,,,,,,,
DAMAN,25020101002,2015-16,GMS THANAPARDI,DAMAN,DAMANWADA,THANAPARDI,Daman and Diu,396220,,,,,,,,,
DAMAN,25020101603,2015-16,GMS RINGANWADA E/M,DAMAN,VARKUND,RINGANWADA,Daman and Diu,396210,,,,,,,,,
DAMAN,25020101903,2015-16,GMS DEVKA,DAMAN,BHIMPORE,DEVKA,Daman and Diu,396210,,,,,,,,,
DAMAN,25020101904,2015-16,GMS DEVKA COLONY,DAMAN,BHIMPORE,DEVKA,Daman and Diu,396210,,,,,,,,,
DAMAN,25020100201,2015-16,GPS BHARWADFALIA,DAMAN,DAMANWADA,BHARWAD FALIA,Daman and Diu,396220,,,,,,,,,
DAMAN,25020101201,2015-16,GPSBHENSROAD,DAMAN,VARKUND,BHENSROAD,Daman and Diu,396210,,,,,,,,,
DAMAN,25020101202,2015-16,GMS BHENSROAD,DAMAN,VARKUND,BHENSROAD,Daman and Diu,396210,,,,,,,,,
DAMAN,25020102101,2015-16,GPS BHIMPORE,DAMAN,BHIMPORE,BHIMPORE,Daman and Diu,396210,,,,,,,,,
DAMAN,25020102001,2015-16,GPS KADAIYA,DAMAN,BHIMPORE,KADAIYA,Daman and Diu,396210,,,,,,,,,
DAMAN,25020102002,2015-16,GMS KADAIYA,DAMAN,BHIMPORE,KADAIYA,Daman and Diu,396210,,,,,,,,,
DAMAN,25020101803,2015-16,GHS MARWAD,DAMAN,BHIMPORE,MARWAD,Daman and Diu,396210,,,,,,,,,
DIU,25010101106,2015-16,"GOVT. HIGHER SECONDARY SCHOOL, BUCHARWADA",DIU,BUCHARWADA,BUCHARWADA,Daman and Diu,362571,,,,ChIJLZHy_dAc4zsRjhd7O9aFj-E,B,Locality,diu,Government Higher Secondary School,"Diu, Daman and Diu 362520, India"
DIU,25010101303,2015-16,"GOVT. HIGH SCHOOL, DAGACHI",DIU,BUCHARWADA,DAGACHI,Daman and Diu,362571,,,,ChIJfdlUNHge4zsREq9ZO0WHNY4,A,VILLAGE_NAME,dagachi,"Govt. High School, Dagachi - Diu","Dagachi, Daman and Diu 362570, India"
DAMAN,25020102102,2015-16,GMS BHIMPORE,DAMAN,BHIMPORE,BHIMPORE,Daman and Diu,369210,,,,,,,,,
DAMAN,25020102103,2015-16,GPS A/S BHIMPORE,DAMAN,BHIMPORE,BHIMPORE,Daman and Diu,396210,,,,,,,,,
DAMAN,25020102104,2015-16,GMS A/S BHIMPORE,DAMAN,BHIMPORE,BHIMPORE,Daman and Diu,396210,,,,,,,,,
DAMAN,25020101701,2015-16,GPS DABHEL,DAMAN,VARKUND,DABHEL,Daman and Diu,396210,,,,,,,,,
DAMAN,25020100301,2015-16,GPS MAGARWADA,DAMAN,DAMANWADA,MAGARWADA,Daman and Diu,396220,,,,,,,,,
DAMAN,25020101801,2015-16,GPS MARWAD,DAMAN,BHIMPORE,MARWAD,Daman and Diu,396210,,,,,,,,,
DAMAN,25020101802,2015-16,GMS MARWAD,DAMAN,BHIMPORE,MARWAD,Daman and Diu,396210,,,,ChIJd0unxjDQ4DsRYo5miJ3IUOA,B,Locality,daman,G.m Traders,"351/1, Vapi-Kachigam Rd, Kachigam, Daman and Diu 396215, India"
DAMAN,25020102201,2015-16,GPS MOTIVANKAD,DAMAN,BHIMPORE,MOTIVANKAD,Daman and Diu,396210,,,,,,,,,
DIU,25010101503,2015-16,"GOVT. HIGH SCHOOL, SAUDWADI ",DIU,VANAKBARA,SAUDWADI,Daman and Diu,362570,,,,ChIJu20Ysmce4zsRRiHizb07MAE,A,Street Address,vanakbara,"Govt. High School, Saudwadi - Diu","Vanakbara, Daman and Diu 362570, India"
DIU,25010101712,2015-16,"GOVT HIGHER SECONDARY SCHOOL, VANAKBARA",DIU,VANAKBARA,VANAKBARA,Daman and Diu,362570,,,,ChIJNUX_UV4e4zsRu1G18VPbdQM,A,Street Address,vanakbara,"Govt. Higher Secondary School, Vanakbara","Vanakbara, Daman and Diu 362570, India"
DIU,25010101713,2015-16,"GOVT HIGHER SEC. SCHOOL(G), VANAKBARA",DIU,VANAKBARA,VANAKBARA,Daman and Diu,362570,,,,ChIJFzKLTl4e4zsRSk337BUZ2iI,A,Street Address,vanakbara,Government High/Higher Secondary School(Boy's),"Vanakbara, Daman and Diu 362570, India"
DIU,25010101003,2015-16,"GOVT. HIGH SCHOOL, NAGOA",DIU,BUCHARWADA,NAGOA,Daman and Diu,362571,,,,ChIJ-ShNyC4c4zsRpwju6VOu7qk,A,VILLAGE_NAME,nagoa,Govt . High School Nagoa,"Nagoa Beach Main Road, 362570, India"
DAMAN,25020101702,2015-16,GMS DABHEL,DAMAN,VARKUND,DABHEL,Daman and Diu,396215,,,,ChIJd0unxjDQ4DsRYo5miJ3IUOA,B,Locality,daman,G.m Traders,"351/1, Vapi-Kachigam Rd, Kachigam, Daman and Diu 396215, India"
DAMAN,25020101703,2015-16,DIVYAJYOTI ENGLISH SCHOOL,DAMAN,VARKUND,DABHEL,Daman and Diu,396210,,,,ChIJAVtTdRrQ4DsRek1kXX9ni-0,A,VILLAGE_NAME,dabhel,"Divya Jyoti English Higher Secondary School, Dabhel","Near Prince Garden, Talav Salia, Dabhel, Daman, Daman and Diu 396215, India"
DAMAN,25020102301,2015-16,GPS DALWADA,DAMAN,BHIMPORE,DALWADA,Daman and Diu,369210,,,,,,,,,
DAMAN,25020102302,2015-16,GMS DALWADA,DAMAN,BHIMPORE,DALWADA,Daman and Diu,396210,,,,ChIJnTe7CVza4DsRV1m18TQvvV8,A,Street Address,bhimpore,Dalwada Cricket Ground,"Bhimpore, Daman, Daman and Diu 396210, India"
DAMAN,25020102202,2015-16,GMS MOTIVANKAD,DAMAN,BHIMPORE,MOTIVANKAD,Daman and Diu,396210,,,,,,,,,
DAMAN,25020100701,2015-16,GPS NAILAPARDI,DAMAN,DAMANWADA,NAILAPARDI,Daman and Diu,369220,,,,,,,,,
DAMAN,25020100801,2015-16,GPS PARIYARI,DAMAN,DAMANWADA,PARIYARI,Daman and Diu,396220,,,,,,,,,
DIU,25010100301,2015-16,GPS NO. 1 GHOGHLA,DIU,GHOGHLA,GHOGHLA,Daman and Diu,362540,,,,,,,,,
DIU,25010100302,2015-16,GPS NO.2 GHOGHLA,DIU,GHOGHLA,GHOGHLA,Daman and Diu,362540,,,,ChIJQSEu_iUd4zsRloZRKfHnHNo,B,Locality,diu,GPS No. 2 - Ghoghla,"Mithabava Rd, Ghoghola, Daman and Diu 362540, India"
DIU,25010100303,2015-16,GPS NO.3 GHOGHLA,DIU,GHOGHLA,GHOGHLA,Daman and Diu,362540,,,,,,,,,
DIU,25010100304,2015-16,GMS(B) GHOGHLA,DIU,GHOGHLA,GHOGHLA,Daman and Diu,362540,,,,ChIJR9tfMygc4zsRyeaayi_Lr5c,B,Locality,diu,GPS / GMS - Nagoa,"Vanakbara Rd, Daman and Diu 362570, India"
DAMAN,25020100601,2015-16,GPS DAMANWADA,DAMAN,DAMANWADA,DAMANWADA,Daman and Diu,396210,,,,,,,,,
DAMAN,25020100602,2015-16,GMS DAMANWADA,DAMAN,DAMANWADA,DAMANWADA,Daman and Diu,396220,,,,,,,,,
DAMAN,25020101901,2015-16,GPS DEVKA ,DAMAN,BHIMPORE,DEVKA,Daman and Diu,396210,,,,,,,,,
DAMAN,25020101902,2015-16,GPS DEVKA COLONY,DAMAN,BHIMPORE,DEVKA,Daman and Diu,396210,,,,,,,,,
DAMAN,25020100204,2015-16,GMS BHARWADFALIA,DAMAN,DAMANWADA,BHARWAD FALIA,Daman and Diu,396220,,,,,,,,,
DAMAN,25020100101,2015-16,GPS PATLARA,DAMAN,DAMANWADA,PATLARA,Daman and Diu,396220,,,,,,,,,
DAMAN,25020101101,2015-16,GPS AMBAWADI,DAMAN,DAMANWADA,AMBAWADI,Daman and Diu,396220,,,,,,,,,
DAMAN,25020100102,2015-16,GMS PATLARA,DAMAN,DAMANWADA,PATLARA,Daman and Diu,396220,,,,,,,,,
DIU,25010100305,2015-16,GMS(G) GHOGHLA,DIU,GHOGHLA,GHOGHLA,Daman and Diu,362540,,,,ChIJR9tfMygc4zsRyeaayi_Lr5c,B,Locality,diu,GPS / GMS - Nagoa,"Vanakbara Rd, Daman and Diu 362570, India"
DIU,25010100401,2015-16,GPS NO.1 DIU,DIU,GHOGHLA,DIU,Daman and Diu,362520,,,,ChIJQSEu_iUd4zsRloZRKfHnHNo,A,VILLAGE_NAME,diu,GPS No. 2 - Ghoghla,"Mithabava Rd, Ghoghola, Daman and Diu 362540, India"
DIU,25010100402,2015-16,GPS NO. 2 DIU,DIU,GHOGHLA,DIU,Daman and Diu,362520,,,,ChIJQSEu_iUd4zsRloZRKfHnHNo,A,VILLAGE_NAME,diu,GPS No. 2 - Ghoghla,"Mithabava Rd, Ghoghola, Daman and Diu 362540, India"
DIU,25010100501,2015-16,GPS GANDHIPARA,DIU,GHOGHLA,GANDHIPARA,Daman and Diu,362520,,,,,,,,,
DAMAN,25020101301,2015-16,GPS DUNETHA,DAMAN,VARKUND,DUNETHA,Daman and Diu,396210,,,,,,,,,
DAMAN,25020101302,2015-16,GMS DUNETHA,DAMAN,VARKUND,DUNETHA,Daman and Diu,396210,,,,,,,,,
DAMAN,25020101303,2015-16,HOLY TRINITY Sec. & Hr. Sec. SCHOOL,DAMAN,VARKUND,DUNETHA,Daman and Diu,396210,,,,,,,,,
DAMAN,25020101304,2015-16,JAWAHAR NAVODAYA VIDYALAYA,DAMAN,VARKUND,DUNETHA,Daman and Diu,396210,,,,ChIJVY9d5ona4DsRV8JxZDxAYCk,B,Locality,daman,jawahar navodaya vidyalaya daman,"Bhimpore, Daman, Daman and Diu 396210, India"
DAMAN,25020101601,2015-16,GPS RINGANWADA,DAMAN,VARKUND,RINGANWADA,Daman and Diu,396210,,,,,,,,,
DAMAN,25020101001,2015-16,GPS THANAPARDI,DAMAN,DAMANWADA,THANAPARDI,Daman and Diu,396220,,,,,,,,,
DAMAN,25020101401,2015-16,GPS VARKUND,DAMAN,VARKUND,VARKUND,Daman and Diu,396210,,,,,,,,,
DAMAN,25020101402,2015-16,GMS VARKUND,DAMAN,VARKUND,VARKUND,Daman and Diu,396210,,,,,,,,,
DIU,25010100601,2015-16,GPS FUDAM,DIU,GHOGHLA,FUDAM,Daman and Diu,362520,,,,,,,,,
DIU,25010101801,2015-16,GPS PATELWADI,DIU,BUCHARWADA,PATELWADI,Daman and Diu,362571,,,,,,,,,
DIU,25010101104,2015-16,GPS ZOLAWADI,DIU,BUCHARWADA,BUCHARWADA,Daman and Diu,362571,,,,,,,,,
DIU,25010100403,2015-16,GMS(B) DIU,DIU,GHOGHLA,DIU,Daman and Diu,362520,,,,ChIJR9tfMygc4zsRyeaayi_Lr5c,A,VILLAGE_NAME,diu,GPS / GMS - Nagoa,"Vanakbara Rd, Daman and Diu 362570, India"
DAMAN,25020100901,2015-16,GPS JAMPORE,DAMAN,DAMANWADA,JAMPORE,Daman and Diu,396220,,,,,,,,,
DAMAN,25020101501,2015-16,GPS KACHIGAM,DAMAN,VARKUND,KACHIGAM,Daman and Diu,396210,,,,,,,,,
DAMAN,25020101502,2015-16,GMS KACHIGAM,DAMAN,VARKUND,KACHIGAM,Daman and Diu,396210,,,,ChIJd0unxjDQ4DsRYo5miJ3IUOA,A,VILLAGE_NAME,kachigam,G.m Traders,"351/1, Vapi-Kachigam Rd, Kachigam, Daman and Diu 396215, India"
DAMAN,25020101403,2015-16,SHRINATHJI SCHOOL,DAMAN,VARKUND,VARKUND,Daman and Diu,396210,,,,ChIJgfVbPIfa4DsRrXW9dKZToTQ,A,Street Address,varkund,Shrinathji College of Business Administration,"69/1, Opp. All India Radio, Vapi-Daman Main Road, Varkund, Nani Daman, Navsari, Gujarat 396210, India"
DAMAN,25020100501,2015-16,GPS A/S ZARI,DAMAN,DAMANWADA,ZARI,Daman and Diu,396220,,,,,,,,,
DAMAN,25020100502,2015-16,GMS ZARI,DAMAN,DAMANWADA,ZARI,Daman and Diu,396220,,,,ChIJd0unxjDQ4DsRYo5miJ3IUOA,B,Locality,daman,G.m Traders,"351/1, Vapi-Kachigam Rd, Kachigam, Daman and Diu 396215, India"
DAMAN,25020102401,2015-16,GPS MOTI DAMAN,DAMAN,MUNICIPAL AREA,MOTI DAMAN (DMC),Daman and Diu,396220,,,,,,,,,
DIU,25010100404,2015-16,GMS(G) DIU,DIU,GHOGHLA,DIU,Daman and Diu,362520,,,,ChIJR9tfMygc4zsRyeaayi_Lr5c,A,VILLAGE_NAME,diu,GPS / GMS - Nagoa,"Vanakbara Rd, Daman and Diu 362570, India"
DIU,25010100602,2015-16,GMS FUDAM,DIU,GHOGHLA,FUDAM,Daman and Diu,362520,,,,,,,,,
DIU,25010100902,2015-16,GMS KEVDI,DIU,BUCHARWADA,KEVDI,Daman and Diu,362570,,,,,,,,,
DIU,25010100801,2015-16,GPS MALALA,DIU,BUCHARWADA,MALALA,Daman and Diu,362520,,,,,,,,,
DIU,25010100901,2015-16,GPS KEVDI,DIU,BUCHARWADA,KEVDI,Daman and Diu,362520,,,,,,,,,
DAMAN,25020102402,2015-16,GMS MOTI DAMAN,DAMAN,MUNICIPAL AREA,MOTI DAMAN (DMC),Daman and Diu,396220,,,,,,,,,
DAMAN,25020102403,2015-16,INS. OF OUR LADY OF FATIMA,DAMAN,MUNICIPAL AREA,MOTI DAMAN (DMC),Daman and Diu,396220,,,,ChIJ4bnbyZvQ4DsRzJkkgh3iDJE,B,Locality,daman,Institute Of Our Lady Of Fatima Convent High School,"Fort Area, Moti Daman, Daman, Daman and Diu 396220, India"
DAMAN,25020102601,2015-16,GPS NANI DAMAN (G/M),DAMAN,MUNICIPAL AREA,NANI DAMAN (DMC),Daman and Diu,396210,,,,,,,,,
DAMAN,25020102602,2015-16,GPS KHARAWAD,DAMAN,MUNICIPAL AREA,NANI DAMAN (DMC),Daman and Diu,396210,,,,,,,,,
DIU,25010101302,2015-16,GMS DAGACHI,DIU,BUCHARWADA,DAGACHI,Daman and Diu,362571,,,,,,,,,
DIU,25010101001,2015-16,GPS NAGOA,DIU,BUCHARWADA,NAGOA,Daman and Diu,362571,,,,,,,,,
DIU,25010101301,2015-16,GPS DAGACHI,DIU,BUCHARWADA,DAGACHI,Daman and Diu,362571,,,,,,,,,
DIU,25010101502,2015-16,GMS SAUDWADI,DIU,VANAKBARA,SAUDWADI,Daman and Diu,362570,,,,ChIJR9tfMygc4zsRyeaayi_Lr5c,A,Street Address,vanakbara,GPS / GMS - Nagoa,"Vanakbara Rd, Daman and Diu 362570, India"
DAMAN,25020102603,2015-16,GMS NANIDAMAN (E/M),DAMAN,MUNICIPAL AREA,NANI DAMAN (DMC),Daman and Diu,396210,,,,ChIJd0unxjDQ4DsRYo5miJ3IUOA,B,Locality,daman,G.m Traders,"351/1, Vapi-Kachigam Rd, Kachigam, Daman and Diu 396215, India"
DAMAN,25020102604,2015-16,GPS MODEL SCHOOL NANI DAMAN (E/M),DAMAN,MUNICIPAL AREA,NANI DAMAN (DMC),Daman and Diu,396210,,,,ChIJYfZaKHba4DsR8de1gfel-Pk,B,Locality,daman,Model School,"Nani Daman, Daman, Daman and Diu 396210, India"
DAMAN,25020102605,2015-16,GPS KATHIRIYA,DAMAN,MUNICIPAL AREA,NANI DAMAN (DMC),Daman and Diu,396210,,,,,,,,,
DAMAN,25020102606,2015-16,GMS KATHIRIYA,DAMAN,MUNICIPAL AREA,NANI DAMAN (DMC),Daman and Diu,396210,,,,,,,,,
DIU,25010101501,2015-16,GPS SAUDWADI,DIU,VANAKBARA,SAUDWADI,Daman and Diu,362570,,,,ChIJR9tfMygc4zsRyeaayi_Lr5c,A,Street Address,vanakbara,GPS / GMS - Nagoa,"Vanakbara Rd, Daman and Diu 362570, India"
DIU,25010101703,2015-16,GMS (B) VANAKBARA,DIU,VANAKBARA,VANAKBARA,Daman and Diu,362570,,,,ChIJR9tfMygc4zsRyeaayi_Lr5c,A,Street Address,vanakbara,GPS / GMS - Nagoa,"Vanakbara Rd, Daman and Diu 362570, India"
DIU,25010101701,2015-16,GPS NO.1 VANAKBARA,DIU,VANAKBARA,VANAKBARA,Daman and Diu,362570,,,,,,,,,
DIU,25010101702,2015-16,GPS NO.2 VANAKBARA ,DIU,VANAKBARA,VANAKBARA,Daman and Diu,362570,,,,ChIJQSEu_iUd4zsRloZRKfHnHNo,B,Locality,diu,GPS No. 2 - Ghoghla,"Mithabava Rd, Ghoghola, Daman and Diu 362540, India"
DAMAN,25020102607,2015-16,GPS KHARIWADI,DAMAN,MUNICIPAL AREA,NANI DAMAN (DMC),Daman and Diu,396210,,,,,,,,,
DAMAN,25020102608,2015-16,SHRI MACHHI MAHAJAN E/M SCHOOL,DAMAN,MUNICIPAL AREA,NANI DAMAN (DMC),Daman and Diu,396210,,,,ChIJD1mAS3Ta4DsR67ZkKd4T-iM,B,Locality,daman,Machhi Mahajan English Medium School,"Tin Batti, Daman, Daman and Diu 396210, India"
DAMAN,25020102609,2015-16,SHRI MACHHI MAHAJAN G/M SCHOOL,DAMAN,MUNICIPAL AREA,NANI DAMAN (DMC),Daman and Diu,396210,,,,ChIJD1mAS3Ta4DsR67ZkKd4T-iM,B,Locality,daman,Machhi Mahajan English Medium School,"Tin Batti, Daman, Daman and Diu 396210, India"
DAMAN,25020102610,2015-16,SARVAJANIK VIDYALAYA,DAMAN,MUNICIPAL AREA,NANI DAMAN (DMC),Daman and Diu,396210,,,,ChIJHXLg7Xfa4DsRNvmg0qhEm84,B,Locality,daman,"M.G.M. EDUCATION SOCIETY'S SARVAJANIK VIDHYALAYA, DAMAN","Daman, Daman and Diu, India"
DIU,25010101704,2015-16,GMS (G) VANAKBARA,DIU,VANAKBARA,VANAKBARA,Daman and Diu,362570,,,,ChIJR9tfMygc4zsRyeaayi_Lr5c,A,Street Address,vanakbara,GPS / GMS - Nagoa,"Vanakbara Rd, Daman and Diu 362570, India"
DAMAN,25020100802,2015-16,GMS PARIYARI,DAMAN,DAMANWADA,PARIYARI,Daman and Diu,396220,,,,,,,,,
DAMAN,25020102404,2015-16,"TECHNICAL TRAINING INSTITUTE, MOTI DAMAN",DAMAN,MUNICIPAL AREA,MOTI DAMAN (DMC),Daman and Diu,396220,,,,ChIJsWjSW5nQ4DsRog4WFOXnees,B,Locality,daman,Technical Training Institute Moti Daman,"Fort Area, Moti Daman, Daman, Daman and Diu 396220, India"
DAMAN,25020102306,2015-16,COAST GUARD PUBLIC SCHOOL,DAMAN,BHIMPORE,DALWADA,Daman and Diu,396210,,,,ChIJX0DGM2Da4DsRBweCHp5mE2E,B,Locality,daman,Coast Guard Public School Daman,"Airport Rd, Nani Daman, Daman, Daman and Diu 396210, India"
DAMAN,25020102611,2015-16,STELLA MARIS E/M SCHOOL,DAMAN,MUNICIPAL AREA,NANI DAMAN (DMC),Daman and Diu,396210,,,,ChIJw-OQXJ7Q4DsRnYwxjAl80qA,B,Locality,daman,Stella Maris School,"Dhamatne, Daman, Daman and Diu 396210, India"
DAMAN,25020102305,2015-16,"SWAMI VIVEKANAND (H),DALWADA",DAMAN,BHIMPORE,DALWADA,Daman and Diu,396210,,,,ChIJewnqEn7a4DsRhr-Sz9gX420,B,Locality,daman,Swami Vivekanand Auditorium - Daman,"Daman - Kunta Rd, Near Government College, Dunetha, Daman, Daman and Diu 396210, India"
DAMAN,25020101704,2015-16,"SHREE SWAMINARAYA VIDYALAYA,",DAMAN,VARKUND,DABHEL,Daman and Diu,396210,,,,ChIJH4jRnhDQ4DsRy535xdo-0N8,A,VILLAGE_NAME,dabhel,"Swaminarayan Vidyalaya Higher Secondary School, Dabhel","Shree Swaminarayan Vidyalaya, Dabhel Talav Faliya behind Prince Garden RestaurantDabhel Daman, Daman, Daman and Diu 396215, India"
DAMAN,25020100902,2015-16,"GPS,VARLIWAD, JAMPORE",DAMAN,DAMANWADA,JAMPORE,Daman and Diu,396210,,,,ChIJR9tfMygc4zsRyeaayi_Lr5c,B,Locality,daman,GPS / GMS - Nagoa,"Vanakbara Rd, Daman and Diu 362570, India"
DIU,25010101101,2015-16,GPS BUCHARWADA,DIU,BUCHARWADA,BUCHARWADA,Daman and Diu,362571,,,,,,,,,
DIU,25010100407,2015-16,"NIRMALA MATA HIGH SCHOOL, DIU",DIU,GHOGHLA,DIU,Daman and Diu,362520,,,,,,,,,
DIU,25010100704,2015-16,SHRI SWAMINARAYAN E.M. FUDAM,DIU,GHOGHLA,FUDAM,Daman and Diu,362520,,,,,,,,,
DIU,25010100705,2015-16,GALAXY E. M. SCHOOL FUDAM,DIU,GHOGHLA,FUDAM,Daman and Diu,362520,,,,ChIJ29lgoPAc4zsRPxMlHpfvA3k,A,VILLAGE_NAME,fudam,Galaxy English Medium School,"Fudam, Diu, Daman and Diu 362520, India"
DAMAN,25020102304,2015-16,"SWAMI VIVEKANAND  (E), DALWADA",DAMAN,BHIMPORE,DALWADA,Daman and Diu,396210,,,,ChIJewnqEn7a4DsRhr-Sz9gX420,B,Locality,daman,Swami Vivekanand Auditorium - Daman,"Daman - Kunta Rd, Near Government College, Dunetha, Daman, Daman and Diu 396210, India"
DAMAN,25020102612,2015-16,AMAN VIDYA NIKETAN,DAMAN,MUNICIPAL AREA,NANI DAMAN (DMC),Daman and Diu,396210,,,,,,,,,
DAMAN,25020102613,2015-16,VATSALYA VIDYALAYA,DAMAN,MUNICIPAL AREA,NANI DAMAN (DMC),Daman and Diu,396210,,,,ChIJz0oBO3_a4DsRxmNJSZO1aKc,B,Locality,daman,Vaatsalya School,"Sagar Samrat Road, Behind Om Bunglow, Near Supreme Appartment, Khariwad, Daman, Daman and Diu 396210, India"
DAMAN,25020100603,2015-16,GPS DAMANWADA E/M,DAMAN,DAMANWADA,DAMANWADA,Daman and Diu,396220,,,,,,,,,
DAMAN,25020101602,2015-16,GPS RINGANWADA E/M,DAMAN,VARKUND,RINGANWADA,Daman and Diu,396210,,,,,,,,,
DIU,25010101105,2015-16,JAWAHAR NAVODAYA VIDYALAYA,DIU,BUCHARWADA,BUCHARWADA,Daman and Diu,362571,,,,ChIJX7blxdsd4zsRAJfXZG8toKQ,A,Street Address,bucharwada,Jawahar Navodaya Vidyalaya,"Bucharwada (Po), Diu, Daman & Diu, Daman, Daman and Diu 362571, India"
DIU,25010101710,2015-16,TULIP ENGLISH MEDIUM SCHOOL,DIU,VANAKBARA,VANAKBARA,Daman and Diu,362570,,,,ChIJ29lgoPAc4zsRPxMlHpfvA3k,B,Locality,diu,Galaxy English Medium School,"Fudam, Diu, Daman and Diu 362520, India"
DIU,25010101707,2015-16,GPS NO.3 GOMTIMATA VANAKBARA,DIU,VANAKBARA,VANAKBARA,Daman and Diu,362570,,,,,,,,,
DIU,25010101709,2015-16,NIRMALA MATA PRIMARY VANAKBARA,DIU,VANAKBARA,VANAKBARA,Daman and Diu,362570,,,,,,,,,
DAMAN,25020100202,2015-16,FR. AGNELO SCHOOL,DAMAN,DAMANWADA,BHARWAD FALIA,Daman and Diu,396220,,,,,,,,,
DAMAN,25020102801,2015-16,AIM ENGLISH SCHOOL,DAMAN,DAMANWADA,DHOLAR,Daman and Diu,396220,,,,ChIJn0xk6pTQ4DsRBggewERBOdY,B,Locality,daman,AIM English School,"Bhitwadi Road, Municipal Market, Moti Daman, Daman, Daman and Diu 396220, India"
DAMAN,25020102003,2015-16,SHRI SAI ENGLISH MEDIUM SCHOOL,DAMAN,BHIMPORE,KADAIYA,Daman and Diu,396210,,,,ChIJD1mAS3Ta4DsR67ZkKd4T-iM,B,Locality,daman,Machhi Mahajan English Medium School,"Tin Batti, Daman, Daman and Diu 396210, India"
DAMAN,25020102614,2015-16,SUNRISE CHAMPS,DAMAN,MUNICIPAL AREA,NANI DAMAN (DMC),Daman and Diu,369210,,,,ChIJL-lq6Hna4DsRNJ7VgtCVjvg,B,Locality,daman,Sunrise Champs School,"Mashal Chowk,, On main road, Daman - Kunta Road, Mashal Chowk, Near Federal Bank, Nani Daman, Daman, Daman and Diu 396210, India"
DIU,25010100313,2015-16,"NIRMALA MATA PRIMARY SCHOOL, GHOGHLA",DIU,GHOGHLA,GHOGHLA,Daman and Diu,362540,,,,,,,,,
DIU,25010100604,2015-16,KENDRIYA VIDYALAYA FUDAM,DIU,GHOGHLA,FUDAM,Daman and Diu,362520,,,,ChIJlbp98_sc4zsRP62jN-iqSbA,A,VILLAGE_NAME,fudam,Kendriya Vidyalaya School,"Airport Rd, Fudam, Diu, Gujarat 362520, India"
DIU,25010101002,2015-16,GMS NAGOA,DIU,BUCHARWADA,NAGOA,Daman and Diu,362571,,,,ChIJR9tfMygc4zsRyeaayi_Lr5c,B,Locality,diu,GPS / GMS - Nagoa,"Vanakbara Rd, Daman and Diu 362570, India"
DIU,25010100409,2015-16,"SHRI TAGORE ENGLISH MEDIUM SCHOOL, DIU",DIU,GHOGHLA,DIU,Daman and Diu,362520,,,,ChIJD1mAS3Ta4DsR67ZkKd4T-iM,A,VILLAGE_NAME,diu,Machhi Mahajan English Medium School,"Tin Batti, Daman, Daman and Diu 396210, India"
DAMAN,25020100503,2015-16,GHS ZARI,DAMAN,DAMANWADA,ZARI,Daman and Diu,396220,,,,,,,,,
DAMAN,25020101503,2015-16,GHS KACHIGAM,DAMAN,VARKUND,KACHIGAM,Daman and Diu,396210,,,,,,,,,
DAMAN,25020101705,2015-16,GHS DABHEL,DAMAN,VARKUND,DABHEL,Daman and Diu,396210,,,,,,,,,
DAMAN,25020102105,2015-16,GHS BHIMPORE,DAMAN,BHIMPORE,BHIMPORE,Daman and Diu,396210,,,,,,,,,
DIU,25010101711,2015-16,GPS NO.4 VANAKBARA,DIU,VANAKBARA,VANAKBARA,Daman and Diu,362570,,,,,,,,,
DIU,25010100410,2015-16,"GOVT. HIGH SCHOOL(GIRLS), DIU",DIU,GHOGHLA,DIU,Daman and Diu,362520,,,,ChIJdTENX9kc4zsRWIIxx-6zGvg,A,VILLAGE_NAME,diu,"Govt. High School (Girls), Diu","Diu, Daman and Diu 362520, India"
DIU,25010100411,2015-16,"GOVT. HIGHER SECONDARY SCHOOL, DIU",DIU,GHOGHLA,DIU,Daman and Diu,362520,,,,ChIJW9-H0pvQ4DsR-kGkVM5sSWU,A,VILLAGE_NAME,diu,Government Higher Secondary School,"Rua Martim Afonso, Fort Area, Opp.Science Center, Moti Daman, Daman, Daman and Diu 396220, India"
DIU,25010100412,2015-16,"TECHNICAL TRAINING INSTITUTE, DIU",DIU,GHOGHLA,DIU,Daman and Diu,362520,,,,ChIJaTLs49Ac4zsRvHp3w3wOZVs,A,VILLAGE_NAME,diu,"Technical Training Institute, Diu","Fort Road, Diu, 362520, India"
