City,EduID,AC_YEAR,Name,Locality,Street Address,VILLAGE_NAME,State,Pincode,,,,h_place_id,h_category,h_col,h_word,h_name,h_address
DADRA AND NAGAR HAVELI(UT),26010102702,2015-16,P.S. CHINCHPADA,DADRA AND NAGAR HAVELI,DAPADA,CHINCHPADA,Dadar and Nagar Haveli,396240,,,,,,,,,
DADRA AND NAGAR HAVELI(UT),26010102703,2015-16,P.S. NIMALPADA,DADRA AND NAGAR HAVELI,DAPADA,CHINCHPADA,Dadar and Nagar Haveli,396240,,,,,,,,,
DADRA AND NAGAR HAVELI(UT),26010103102,2015-16,P.S.  FANASPADA,DADRA AND NAGAR HAVELI,DAPADA,PATI,Dadar and Nagar Haveli,396240,,,,,,,,,
DADRA AND NAGAR HAVELI(UT),26010103001,2015-16,C.P.S. DAPADA,DADRA AND NAGAR HAVELI,DAPADA,DAPADA,Dadar and Nagar Haveli,396240,,,,,,,,,
DADRA AND NAGAR HAVELI(UT),26010103507,2015-16,P.S.DAVARPADA MARATHI,DADRA AND NAGAR HAVELI,AMBOLI,VELUGAM,Dadar and Nagar Haveli,396230,,,,,,,,,
DADRA AND NAGAR HAVELI(UT),26010103801,2015-16,P.S. TINODA,DADRA AND NAGAR HAVELI,AMBOLI,TINODA,Dadar and Nagar Haveli,396230,,,,,,,,,
DADRA AND NAGAR HAVELI(UT),26010103701,2015-16,P.S. BINDRABIN,DADRA AND NAGAR HAVELI,AMBOLI,BINDRABIN,Dadar and Nagar Haveli,396230,,,,,,,,,
DADRA AND NAGAR HAVELI(UT),26010103702,2015-16,P.S. MANIPADA,DADRA AND NAGAR HAVELI,AMBOLI,BINDRABIN,Dadar and Nagar Haveli,396230,,,,ChIJwVMG2bs25zsRgfbWPw9JCnI,B,Locality,dadra and nagar haveli,"Primary School Amboli, Manipada","Surangi, Dadra and Nagar Haveli 396240, India"
DADRA AND NAGAR HAVELI(UT),26010103002,2015-16,P.S. DAPADA ENG.MED.,DADRA AND NAGAR HAVELI,DAPADA,DAPADA,Dadar and Nagar Haveli,396240,,,,,,,,,
DADRA AND NAGAR HAVELI(UT),26010103003,2015-16,P.S. DUNGARIPADA ,DADRA AND NAGAR HAVELI,DAPADA,DAPADA,Dadar and Nagar Haveli,396240,,,,,,,,,
DADRA AND NAGAR HAVELI(UT),26010102403,2015-16,GOVT. HIGHER SECONDARY SCHOOL RAKHOLI,DADRA AND NAGAR HAVELI,RAKHOLI,RAKHOLI,Dadar and Nagar Haveli,396240,,,,ChIJNe9m4evK4DsRzRogpLJlOUc,B,Locality,dadra and nagar haveli,GOVT HIGHER SECONDARY SCHOOL GALONDA,"Galonda Out Post, Dadra and Nagar Haveli 396230, India"
DADRA AND NAGAR HAVELI(UT),26010103008,2015-16,GOVT. HIGHER SECONDARY SCHOOL DAPADA,DADRA AND NAGAR HAVELI,DAPADA,DAPADA,Dadar and Nagar Haveli,396240,,,,ChIJNe9m4evK4DsRzRogpLJlOUc,B,Locality,dadra and nagar haveli,GOVT HIGHER SECONDARY SCHOOL GALONDA,"Galonda Out Post, Dadra and Nagar Haveli 396230, India"
DADRA AND NAGAR HAVELI(UT),26010102902,2015-16,P.S. PATELPADA,DADRA AND NAGAR HAVELI,DAPADA,CHIKHALI,Dadar and Nagar Haveli,396240,,,,ChIJb6VNi07L4DsR_KsRGiQFNPE,B,Locality,dadra and nagar haveli,Patel Pada,"Silvassa-Vapi Rd, Samarvarni, Silvassa, Dadra and Nagar Haveli 396230, India"
DADRA AND NAGAR HAVELI(UT),26010102903,2015-16,P.S. JANATHIYAPADA,DADRA AND NAGAR HAVELI,DAPADA,CHIKHALI,Dadar and Nagar Haveli,396240,,,,,,,,,
DADRA AND NAGAR HAVELI(UT),26010102904,2015-16,P.S.CHIKHALI DADRIPADA,DADRA AND NAGAR HAVELI,DAPADA,CHIKHALI,Dadar and Nagar Haveli,396240,,,,,,,,,
DADRA AND NAGAR HAVELI(UT),26010102905,2015-16,P.S. SHINGADPADA,DADRA AND NAGAR HAVELI,DAPADA,CHIKHALI,Dadar and Nagar Haveli,396240,,,,,,,,,
DADRA AND NAGAR HAVELI(UT),26010103311,2015-16,GOVT. HIGH SCHOOL SURANGI,DADRA AND NAGAR HAVELI,DAPADA,SURANGI,Dadar and Nagar Haveli,396230,,,,ChIJAfG4fFzL4DsR82KDUMHNkC0,B,Locality,dadra and nagar haveli,Kendriya Vidyalaya,"Govt Higher Secondary School Campus, TokarKhada, Silvassa, Dadra and Nagar Haveli 396230, India"
DADRA AND NAGAR HAVELI(UT),26010104401,2015-16,P.S. MEDHA,DADRA AND NAGAR HAVELI,DUDHANI,MEDHA,Dadar and Nagar Haveli,396230,,,,,,,,,
DADRA AND NAGAR HAVELI(UT),26010104402,2015-16,P.S. UPLAMEDHA,DADRA AND NAGAR HAVELI,DUDHANI,MEDHA,Dadar and Nagar Haveli,396230,,,,,,,,,
DADRA AND NAGAR HAVELI(UT),26010105101,2015-16,P.S. GHODBARI,DADRA AND NAGAR HAVELI,DUDHANI,GHODBARI,Dadar and Nagar Haveli,396230,,,,,,,,,
DADRA AND NAGAR HAVELI(UT),26010103301,2015-16,C.P.S. SURANGI,DADRA AND NAGAR HAVELI,DAPADA,SURANGI,Dadar and Nagar Haveli,396240,,,,,,,,,
DADRA AND NAGAR HAVELI(UT),26010103302,2015-16,P.S. JUNA PATELPADA,DADRA AND NAGAR HAVELI,DAPADA,SURANGI,Dadar and Nagar Haveli,396240,,,,,,,,,
DADRA AND NAGAR HAVELI(UT),26010103304,2015-16,P.S. KADUPADA,DADRA AND NAGAR HAVELI,DAPADA,SURANGI,Dadar and Nagar Haveli,396240,,,,,,,,,
DADRA AND NAGAR HAVELI(UT),26010103306,2015-16,P.S. VADHIYAPADA,DADRA AND NAGAR HAVELI,DAPADA,SURANGI,Dadar and Nagar Haveli,396240,,,,,,,,,
DADRA AND NAGAR HAVELI(UT),26010103601,2015-16,C.P.S. AMBOLI GUJ.MED.,DADRA AND NAGAR HAVELI,AMBOLI,AMBOLI,Dadar and Nagar Haveli,396230,,,,,,,,,
DADRA AND NAGAR HAVELI(UT),26010103602,2015-16,C.P.S.  AMBOLI MARATHI,DADRA AND NAGAR HAVELI,AMBOLI,AMBOLI,Dadar and Nagar Haveli,396230,,,,,,,,,
DADRA AND NAGAR HAVELI(UT),26010103603,2015-16,P.S. MANIPADA,DADRA AND NAGAR HAVELI,AMBOLI,AMBOLI,Dadar and Nagar Haveli,396240,,,,ChIJwVMG2bs25zsRgfbWPw9JCnI,B,Locality,dadra and nagar haveli,"Primary School Amboli, Manipada","Surangi, Dadra and Nagar Haveli 396240, India"
DADRA AND NAGAR HAVELI(UT),26010103604,2015-16,P.S. KHOTHARPADA,DADRA AND NAGAR HAVELI,AMBOLI,AMBOLI,Dadar and Nagar Haveli,396230,,,,,,,,,
DADRA AND NAGAR HAVELI(UT),26010107315,2015-16,HOLYCHILD SCHOOL SILVASSA,DADRA AND NAGAR HAVELI,SILVASSA,SILVASSA,Dadar and Nagar Haveli,396230,,,,ChIJiyRSuU_L4DsRygES0HyTUh4,A,Street Address,silvassa,Holy Child School,"Samarvarni Silvassa Road, Khanvell Road, Behind Pramukh Aangan, Samarvarni, Silvassa, Dadra and Nagar Haveli 396230, India"
DADRA AND NAGAR HAVELI(UT),26010107205,2015-16,"SHIVPRAKASH MEMORIAL SCHOOL, SILVASSA",DADRA AND NAGAR HAVELI,KILVANI,AMLI,Dadar and Nagar Haveli,396230,,,,ChIJ7ftGYG_L4DsRcuXqqUD7-Lw,B,Locality,dadra and nagar haveli,Shiv Prakash Memorial School,"Silvassa, Dadra and Nagar Haveli, India"
DADRA AND NAGAR HAVELI(UT),26010107206,2015-16,LIONS ENGLISH SCHOOL SILVASSA,DADRA AND NAGAR HAVELI,SILVASSA,AMLI,Dadar and Nagar Haveli,396230,,,,ChIJJYqfWEDL4DsRhnZbsdOFjng,A,Street Address,silvassa,Lions English School,"Sayli Rd, Bavisa Faliya, Silvassa, Dadra and Nagar Haveli 396240, India"
DADRA AND NAGAR HAVELI(UT),26010104901,2015-16,P.S.GUNSA,DADRA AND NAGAR HAVELI,DUDHANI,GUNSA,Dadar and Nagar Haveli,396230,,,,,,,,,
DADRA AND NAGAR HAVELI(UT),26010107207,2015-16,"PRABHAT SCHOLARS' ACADEMY, SILVASSA",DADRA AND NAGAR HAVELI,SILVASSA,AMLI,Dadar and Nagar Haveli,396230,,,,ChIJtRm9dW_L4DsR_lQrVrXtZYg,A,Street Address,silvassa,"Prabhat Scholars Academy, Amli, Silvassa","Amli Ind. Estate, Silvassa, Dadra and Nagar Haveli 396230, India"
DADRA AND NAGAR HAVELI(UT),26010101401,2015-16,C.P.S. NAROLI,DADRA AND NAGAR HAVELI,NAROLI,NAROLI,Dadar and Nagar Haveli,396235,,,,,,,,,
DADRA AND NAGAR HAVELI(UT),26010101301,2015-16,P.S. DHAPSA,DADRA AND NAGAR HAVELI,NAROLI,DHAPSA,Dadar and Nagar Haveli,396235,,,,,,,,,
DADRA AND NAGAR HAVELI(UT),26010103201,2015-16,P.S. KHADOLI,DADRA AND NAGAR HAVELI,AMBOLI,KHADOLI,Dadar and Nagar Haveli,396230,,,,,,,,,
DADRA AND NAGAR HAVELI(UT),26010105207,2015-16,SARASVATI PRIMARY SCHOOL KARCHOND,DADRA AND NAGAR HAVELI,DUDHANI,KARCHOND,Dadar and Nagar Haveli,396230,,,,ChIJ_7n3vUzL4DsRowyHjcPszzQ,B,Locality,dadra and nagar haveli,Jay Maa Saraswati Engineering,"Shop No.3, Tirupati Balaji Apartment,Tirupati Complex, Khanvel Rd, Opposite Goverment Primary High School, Samarvarni, Silvassa, Dadra and Nagar Haveli 396230, India"
DADRA AND NAGAR HAVELI(UT),26010105301,2015-16,P.S. KHERARBARI,DADRA AND NAGAR HAVELI,DUDHANI,KHERARBARI,Dadar and Nagar Haveli,396230,,,,,,,,,
DADRA AND NAGAR HAVELI(UT),26010105302,2015-16,P.S. PATELPADA,DADRA AND NAGAR HAVELI,DUDHANI,KHERARBARI,Dadar and Nagar Haveli,396230,,,,ChIJb6VNi07L4DsR_KsRGiQFNPE,B,Locality,dadra and nagar haveli,Patel Pada,"Silvassa-Vapi Rd, Samarvarni, Silvassa, Dadra and Nagar Haveli 396230, India"
DADRA AND NAGAR HAVELI(UT),26010100107,2015-16,DADRA`S  LITTLE STAR  ACADEMY,DADRA AND NAGAR HAVELI,DADRA,DADRA,Dadar and Nagar Haveli,396191,,,,,,,,,
DADRA AND NAGAR HAVELI(UT),26010103202,2015-16,P.S. PALADPADA,DADRA AND NAGAR HAVELI,AMBOLI,KHADOLI,Dadar and Nagar Haveli,396230,,,,,,,,,
DADRA AND NAGAR HAVELI(UT),26010103203,2015-16,P.S. MARAGPADA,DADRA AND NAGAR HAVELI,AMBOLI,KHADOLI,Dadar and Nagar Haveli,396230,,,,,,,,,
DADRA AND NAGAR HAVELI(UT),26010105901,2015-16,P.S. BAHEDPADA,DADRA AND NAGAR HAVELI,AMBOLI,KHERDI,Dadar and Nagar Haveli,396230,,,,,,,,,
DADRA AND NAGAR HAVELI(UT),26010105902,2015-16,P.S.KHERDI MARATHI,DADRA AND NAGAR HAVELI,AMBOLI,KHERDI,Dadar and Nagar Haveli,396230,,,,,,,,,
DADRA AND NAGAR HAVELI(UT),26010102107,2015-16,ALOK PUBLIC SCHOOL,DADRA AND NAGAR HAVELI,RAKHOLI,SAILY,Dadar and Nagar Haveli,396230,,,,ChIJO2Vz68Q05zsRL96VTC7I7Kk,B,Locality,dadra and nagar haveli,ALOK PUBLIC SCHOOL,"Alok city, Dadra and Nagar Haveli 396240, India"
DADRA AND NAGAR HAVELI(UT),26010101003,2015-16,P.S. KILVANI ENG. MEDIUM,DADRA AND NAGAR HAVELI,KILVANI,KILVANI,Dadar and Nagar Haveli,396230,,,,,,,,,
DADRA AND NAGAR HAVELI(UT),26010105003,2015-16,"CHRISTRAI PRIMARY SCHOOL, BILDHARI",DADRA AND NAGAR HAVELI,DUDHANI,BILDHARI,Dadar and Nagar Haveli,396230,,,,,,,,,
DADRA AND NAGAR HAVELI(UT),26010103205,2015-16,GOLDEN CHILD ENGLISH MEDIUM KHADOLI,DADRA AND NAGAR HAVELI,AMBOLI,KHADOLI,Dadar and Nagar Haveli,396230,,,,,,,,,
DADRA AND NAGAR HAVELI(UT),26010105903,2015-16,P.S.KHUMARPADA MARATHI,DADRA AND NAGAR HAVELI,AMBOLI,KHERDI,Dadar and Nagar Haveli,396230,,,,,,,,,
DADRA AND NAGAR HAVELI(UT),26010102001,2015-16,P.S. UMARKUI,DADRA AND NAGAR HAVELI,KILVANI,UMARKUI,Dadar and Nagar Haveli,396230,,,,,,,,,
DADRA AND NAGAR HAVELI(UT),26010102002,2015-16,P.S. BHUJADPADA,DADRA AND NAGAR HAVELI,KILVANI,UMARKUI,Dadar and Nagar Haveli,396230,,,,,,,,,
DADRA AND NAGAR HAVELI(UT),26010107323,2015-16,GOVT. HIGHER SECONDARY SCHOOL (T) ENGLISH  MEDIUM,DADRA AND NAGAR HAVELI,SILVASSA,SILVASSA,Dadar and Nagar Haveli,396230,,,,ChIJz-cV3mXL4DsR9JPcvOhrau8,A,Street Address,silvassa,"Govt. High School, English Medium, Silvassa","Silvassa, Dadra and Nagar Haveli 396230, India"
DADRA AND NAGAR HAVELI(UT),26010107212,2015-16,RED CROSS SPECIAL SCHOOL FOR HANDICAPPED CHILDREN ,DADRA AND NAGAR HAVELI,SILVASSA,AMLI,Dadar and Nagar Haveli,396230,,,,,,,,,
DADRA AND NAGAR HAVELI(UT),26010100108,2015-16,GOVT. HIGHER SECONDARY  SCHOOL DADRA,DADRA AND NAGAR HAVELI,DADRA,DADRA,Dadar and Nagar Haveli,396193,,,,ChIJNe9m4evK4DsRzRogpLJlOUc,A,Street Address,dadra,GOVT HIGHER SECONDARY SCHOOL GALONDA,"Galonda Out Post, Dadra and Nagar Haveli 396230, India"
DADRA AND NAGAR HAVELI(UT),26010100608,2015-16,GOVT. HIGH SCHOOL MORKHAL ,DADRA AND NAGAR HAVELI,RANDHA,MORKHAL,Dadar and Nagar Haveli,396230,,,,ChIJAfG4fFzL4DsR82KDUMHNkC0,B,Locality,dadra and nagar haveli,Kendriya Vidyalaya,"Govt Higher Secondary School Campus, TokarKhada, Silvassa, Dadra and Nagar Haveli 396230, India"
DADRA AND NAGAR HAVELI(UT),26010101605,2015-16,GOVT. HIGH SCHOOL KHARADPADA,DADRA AND NAGAR HAVELI,NAROLI,KHARADPADA,Dadar and Nagar Haveli,396235,,,,ChIJeRAepQTN4DsR1MyJj-C9r-s,A,Street Address,naroli,Shanti Niketan Complex,"Opposite govt high school, Bhilad road, Naroli, India"
DADRA AND NAGAR HAVELI(UT),26010105406,2015-16,P.S. GONDPADA SHELTI,DADRA AND NAGAR HAVELI,KHANVEL,SHELTI,Dadar and Nagar Haveli,396230,,,,,,,,,
DADRA AND NAGAR HAVELI(UT),26010106408,2015-16,P.S. HEDACHIMAL CHISDA,DADRA AND NAGAR HAVELI,MANDONI,CHISDA,Dadar and Nagar Haveli,396230,,,,,,,,,
DADRA AND NAGAR HAVELI(UT),26010106907,2015-16,P.S.. TENTMAL SINDONI,DADRA AND NAGAR HAVELI,MANDONI,SINDONI,Dadar and Nagar Haveli,396230,,,,,,,,,
DADRA AND NAGAR HAVELI(UT),26010107003,2015-16,P.S. BURUJPADA KHEDPA,DADRA AND NAGAR HAVELI,MANDONI,KHEDPA,Dadar and Nagar Haveli,396230,,,,,,,,,
DADRA AND NAGAR HAVELI(UT),26010107324,2015-16,GOVT. HIGHER SECONDARY SCHOOL (T) GUJARATI MEDIUM SILVASSA,DADRA AND NAGAR HAVELI,SILVASSA,SILVASSA,Dadar and Nagar Haveli,396230,,,,ChIJz-cV3mXL4DsR9JPcvOhrau8,A,Street Address,silvassa,"Govt. High School, English Medium, Silvassa","Silvassa, Dadra and Nagar Haveli 396230, India"
DADRA AND NAGAR HAVELI(UT),26010107325,2015-16,GOVT. HIGH SCHOOL DOKMARDI,DADRA AND NAGAR HAVELI,SILVASSA,SILVASSA,Dadar and Nagar Haveli,396230,,,,ChIJz-cV3mXL4DsR9JPcvOhrau8,A,Street Address,silvassa,"Govt. High School, English Medium, Silvassa","Silvassa, Dadra and Nagar Haveli 396230, India"
DADRA AND NAGAR HAVELI(UT),26010107326,2015-16,GOVT. HIGHER SECONDARY SCHOOL (T) HINDI MEDIUM,DADRA AND NAGAR HAVELI,SILVASSA,SILVASSA,Dadar and Nagar Haveli,396230,,,,ChIJz-cV3mXL4DsR9JPcvOhrau8,A,Street Address,silvassa,"Govt. High School, English Medium, Silvassa","Silvassa, Dadra and Nagar Haveli 396230, India"
DADRA AND NAGAR HAVELI(UT),26010101110,2015-16,GOVT. HIGHER SECONDARY SCHOOL GALONDA,DADRA AND NAGAR HAVELI,KILVANI,GALONDA,Dadar and Nagar Haveli,396230,,,,ChIJNe9m4evK4DsRzRogpLJlOUc,A,VILLAGE_NAME,galonda,GOVT HIGHER SECONDARY SCHOOL GALONDA,"Galonda Out Post, Dadra and Nagar Haveli 396230, India"
DADRA AND NAGAR HAVELI(UT),26010101410,2015-16,GOVT. HIGHER SECONDARY SCHOOL NAROLI,DADRA AND NAGAR HAVELI,NAROLI,NAROLI,Dadar and Nagar Haveli,396235,,,,ChIJJ965mgTN4DsRp-VMb2papPE,A,Street Address,naroli,Naroli Government Higher Secondary School,"Naroli, Dadra and Nagar Haveli 396235, India"
DADRA AND NAGAR HAVELI(UT),26010107305,2015-16,P.S. KAMLIFALIYA,DADRA AND NAGAR HAVELI,SILVASSA,SILVASSA,Dadar and Nagar Haveli,396230,,,,,,,,,
DADRA AND NAGAR HAVELI(UT),26010101803,2015-16,P.S. AMBAFALIA,DADRA AND NAGAR HAVELI,RAKHOLI,SAMARVARNI,Dadar and Nagar Haveli,396230,,,,,,,,,
DADRA AND NAGAR HAVELI(UT),26010107004,2015-16,P.S. KARBHARIPADA KHEDPA,DADRA AND NAGAR HAVELI,MANDONI,KHEDPA,Dadar and Nagar Haveli,396230,,,,,,,,,
DADRA AND NAGAR HAVELI(UT),26010101108,2015-16,P. S. VAKHARPADA GALONDA,DADRA AND NAGAR HAVELI,KILVANI,GALONDA,Dadar and Nagar Haveli,396230,,,,,,,,,
DADRA AND NAGAR HAVELI(UT),26010100302,2015-16,ADVAITA GURUKUL,DADRA AND NAGAR HAVELI,DADRA,TIGHRA,Dadar and Nagar Haveli,396230,,,,ChIJR-dM0EHM4DsRU911JDZPfpE,A,Street Address,dadra,Advaita Gurukul,"Demini - Silvassa Rd, Opposite To Dadra Garden,Near Hotel Excellency, Tighra, Dadra, Dadra and Nagar Haveli 396193, India"
DADRA AND NAGAR HAVELI(UT),26010107336,2015-16,"THE BUDDHIST INTERNATIONAL SCHOOL, AURANGABAD/SILVASSA-91",DADRA AND NAGAR HAVELI,SILVASSA,SILVASSA,Dadar and Nagar Haveli,396230,,,,,,,,,
DADRA AND NAGAR HAVELI(UT),26010107332,2015-16,MILLENNIUM ENGLISH SCHOOL,DADRA AND NAGAR HAVELI,SILVASSA,SILVASSA,Dadar and Nagar Haveli,396230,,,,ChIJWearu2jL4DsRqhWHIMLtccw,A,Street Address,silvassa,Millennium English School,"Opposite Government School, Kelwani Naka, Bavisa Faliya, Silvassa, Dadra and Nagar Haveli 396230, India"
DADRA AND NAGAR HAVELI(UT),26010100109,2015-16,ANAND INTERNATIONAL PUBLIC SCHOOL,DADRA AND NAGAR HAVELI,DADRA,DADRA,Dadar and Nagar Haveli,396193,,,,ChIJGU0SVjzM4DsRtizu-0Kxlqk,A,Street Address,dadra,Anand International Public School,"Silvassa-Vapi Rd, Dadra, Dadra and Nagar Haveli 396193, India"
DADRA AND NAGAR HAVELI(UT),26010101402,2015-16,P.S. KAKADFALIA,DADRA AND NAGAR HAVELI,NAROLI,NAROLI,Dadar and Nagar Haveli,396235,,,,ChIJnbaEUuPM4DsRNHhReAFGyXQ,B,Locality,dadra and nagar haveli,Goverment School Kakad Faliya,"Dadra and Nagar Haveli 396235, India"
DADRA AND NAGAR HAVELI(UT),26010101403,2015-16,P.S. KOYAFALIA,DADRA AND NAGAR HAVELI,NAROLI,NAROLI,Dadar and Nagar Haveli,396325,,,,ChIJZb4y6ODM4DsRofsWAw1anPw,A,Street Address,naroli,Naroli Koyafaliya,"Naroli, Dadra and Nagar Haveli 396235, India"
DADRA AND NAGAR HAVELI(UT),26010101804,2015-16,P.S VADFALIA,DADRA AND NAGAR HAVELI,RAKHOLI,SAMARVARNI,Dadar and Nagar Haveli,396230,,,,,,,,,
DADRA AND NAGAR HAVELI(UT),26010107202,2015-16,P.S. DANDULFALIA,DADRA AND NAGAR HAVELI,SILVASSA,AMLI,Dadar and Nagar Haveli,396230,,,,,,,,,
DADRA AND NAGAR HAVELI(UT),26010107306,2015-16,P.S. PATELFALIYA,DADRA AND NAGAR HAVELI,SILVASSA,SILVASSA,Dadar and Nagar Haveli,396230,,,,ChIJ3SqramjL4DsR8BE6dEm0SE4,A,Street Address,silvassa,Prakashchandra N. Patel- Advocate,"112,1st Floor, Perin Complex, Silvassa-Vapi Rd, Kilvani Naka,Opposite Bal Bhavan, Solanki Sadan, Bavisa Faliya, Silvassa, Dadra and Nagar Haveli 396230, India"
DADRA AND NAGAR HAVELI(UT),26010105001,2015-16,P.S.BILDHARI,DADRA AND NAGAR HAVELI,DUDHANI,BILDHARI,Dadar and Nagar Haveli,396230,,,,,,,,,
DADRA AND NAGAR HAVELI(UT),26010100103,2015-16,P.S.VAGHDHARA,DADRA AND NAGAR HAVELI,DADRA,DADRA,Dadar and Nagar Haveli,396193,,,,,,,,,
DADRA AND NAGAR HAVELI(UT),26010100201,2015-16,P.S.DEMNI,DADRA AND NAGAR HAVELI,DADRA,DEMNI,Dadar and Nagar Haveli,396193,,,,,,,,,
DADRA AND NAGAR HAVELI(UT),26010100301,2015-16,P.S.TIGHRA,DADRA AND NAGAR HAVELI,DADRA,TIGHRA,Dadar and Nagar Haveli,396193,,,,,,,,,
DADRA AND NAGAR HAVELI(UT),26010100401,2015-16,C.P.S.VAGHCHHIPA,DADRA AND NAGAR HAVELI,DADRA,VAGHCHHIPA,Dadar and Nagar Haveli,396230,,,,ChIJ3SeRC2jL4DsRTcl07v17TC0,A,Street Address,dadra,Circuit House,"Silvassa, Dadra and Nagar Haveli 396230, India"
DADRA AND NAGAR HAVELI(UT),26010104501,2015-16,P.S.  AMBABARI,DADRA AND NAGAR HAVELI,DUDHANI,AMBABARI,Dadar and Nagar Haveli,396230,,,,,,,,,
DADRA AND NAGAR HAVELI(UT),26010104701,2015-16,P.S. KAUNCHA,DADRA AND NAGAR HAVELI,DUDHANI,KAUCHA,Dadar and Nagar Haveli,396230,,,,,,,,,
DADRA AND NAGAR HAVELI(UT),26010104702,2015-16,P.S. MARATHI CHIKHLIPADA,DADRA AND NAGAR HAVELI,DUDHANI,KAUCHA,Dadar and Nagar Haveli,396230,,,,,,,,,
DADRA AND NAGAR HAVELI(UT),26010104703,2015-16,"NIRMALMATA PRIMARY SCHOOL, KAUNCHA",DADRA AND NAGAR HAVELI,DUDHANI,KAUCHA,Dadar and Nagar Haveli,396230,,,,,,,,,
DADRA AND NAGAR HAVELI(UT),26010107301,2015-16,C.P.S.DOKMARDI,DADRA AND NAGAR HAVELI,SILVASSA,SILVASSA,Dadar and Nagar Haveli,396230,,,,ChIJVQ2gQ27L4DsR2Mw2K9R2Qvk,A,Street Address,silvassa,Dokmardi Bridge,"Unnamed Road, Park City, Silvassa, Dadra and Nagar Haveli 396230, India"
DADRA AND NAGAR HAVELI(UT),26010107302,2015-16,P.S.AGRIVAD,DADRA AND NAGAR HAVELI,SILVASSA,SILVASSA,Dadar and Nagar Haveli,396230,,,,,,,,,
DADRA AND NAGAR HAVELI(UT),26010104801,2015-16,C.P.S.DUDHANI,DADRA AND NAGAR HAVELI,DUDHANI,DUDHANI,Dadar and Nagar Haveli,396230,,,,,,,,,
DADRA AND NAGAR HAVELI(UT),26010104802,2015-16,P.S.KHORIPADA,DADRA AND NAGAR HAVELI,DUDHANI,DUDHANI,Dadar and Nagar Haveli,396230,,,,,,,,,
DADRA AND NAGAR HAVELI(UT),26010104601,2015-16,P.S. JAMALPADA,DADRA AND NAGAR HAVELI,DUDHANI,JAMALPADA,Dadar and Nagar Haveli,396230,,,,,,,,,
DADRA AND NAGAR HAVELI(UT),26010107307,2015-16,P.S. ULTANFALIYA,DADRA AND NAGAR HAVELI,SILVASSA,SILVASSA,Dadar and Nagar Haveli,396230,,,,,,,,,
DADRA AND NAGAR HAVELI(UT),26010107308,2015-16,P.S. PATLIYAFALIYA,DADRA AND NAGAR HAVELI,SILVASSA,SILVASSA,Dadar and Nagar Haveli,396230,,,,,,,,,
DADRA AND NAGAR HAVELI(UT),26010107310,2015-16,C.P.S. SILVASSA GUJ.MEDIUM,DADRA AND NAGAR HAVELI,SILVASSA,SILVASSA,Dadar and Nagar Haveli,396230,,,,ChIJ3ZbcgFzL4DsR1mrSgUq-KAI,A,Street Address,silvassa,Silvassa Government Higher School English Medium,"Silvassa, Dadra and Nagar Haveli 396230, India"
DADRA AND NAGAR HAVELI(UT),26010104803,2015-16,P.S.RUIPADA,DADRA AND NAGAR HAVELI,DUDHANI,DUDHANI,Dadar and Nagar Haveli,396230,,,,,,,,,
DADRA AND NAGAR HAVELI(UT),26010101109,2015-16,P.S. BARATPADA GALONDA,DADRA AND NAGAR HAVELI,KILVANI,GALONDA,Dadar and Nagar Haveli,396230,,,,,,,,,
DADRA AND NAGAR HAVELI(UT),26010101002,2015-16,P.S. PATELPADA KILVANI,DADRA AND NAGAR HAVELI,KILVANI,KILVANI,Dadar and Nagar Haveli,396230,,,,,,,,,
DADRA AND NAGAR HAVELI(UT),26010102009,2015-16,P.S. BIVALAPADA UMARKUI,DADRA AND NAGAR HAVELI,KILVANI,UMARKUI,Dadar and Nagar Haveli,396230,,,,,,,,,
DADRA AND NAGAR HAVELI(UT),26010103501,2015-16,P.S. MORPADA,DADRA AND NAGAR HAVELI,AMBOLI,VELUGAM,Dadar and Nagar Haveli,396230,,,,,,,,,
DADRA AND NAGAR HAVELI(UT),26010103502,2015-16,P.S. KADUPADA,DADRA AND NAGAR HAVELI,AMBOLI,VELUGAM,Dadar and Nagar Haveli,396230,,,,,,,,,
DADRA AND NAGAR HAVELI(UT),26010107311,2015-16,C.P.S. SILVASSA HINDI MEDIUM,DADRA AND NAGAR HAVELI,SILVASSA,SILVASSA,Dadar and Nagar Haveli,396230,,,,,,,,,
DADRA AND NAGAR HAVELI(UT),26010107312,2015-16,C.P.S. SILVASSA MARATHI MEDIUM,DADRA AND NAGAR HAVELI,SILVASSA,SILVASSA,Dadar and Nagar Haveli,396230,,,,,,,,,
DADRA AND NAGAR HAVELI(UT),26010107313,2015-16,C.P.S. SILVASSA ENG. MEDIUM,DADRA AND NAGAR HAVELI,SILVASSA,SILVASSA,Dadar and Nagar Haveli,396230,,,,ChIJ3ZbcgFzL4DsR1mrSgUq-KAI,A,Street Address,silvassa,Silvassa Government Higher School English Medium,"Silvassa, Dadra and Nagar Haveli 396230, India"
DADRA AND NAGAR HAVELI(UT),26010106503,2015-16,P.S. SUKALIPADA MANDONI,DADRA AND NAGAR HAVELI,MANDONI,MANDONI,Dadar and Nagar Haveli,396230,,,,,,,,,
DADRA AND NAGAR HAVELI(UT),26010101409,2015-16,NEW ERA ENGLISH MEDIUM SCHOOL,DADRA AND NAGAR HAVELI,NAROLI,NAROLI,Dadar and Nagar Haveli,396235,,,,ChIJS7X6LhnN4DsRCx269SK675w,A,Street Address,naroli,New Era English Medium School,"GJ SH 185, Naroli, Dadra and Nagar Haveli 396235, India"
DADRA AND NAGAR HAVELI(UT),26010101706,2015-16,BAPS SWAMINARAYAN VIDYAMANDIR ,DADRA AND NAGAR HAVELI,NAROLI,ATHAL,Dadar and Nagar Haveli,396235,,,,ChIJJcbIpaLM4DsRXlUlFQx-xZE,A,Street Address,naroli,BAPS Swaminarayan School,"BAPS Swaminarayn Cultural Complex, Athal, Silvassa-Naroli Road, Dadra & Nagar Haveli, GJ SH 185, Silvassa, Dadra and Nagar Haveli 396230, India"
DADRA AND NAGAR HAVELI(UT),26010106908,2015-16,P.S. PATILPADA SINDONI,DADRA AND NAGAR HAVELI,MANDONI,SINDONI,Dadar and Nagar Haveli,396230,,,,,,,,,
DADRA AND NAGAR HAVELI(UT),26010103503,2015-16,P.S. BARAFPADA,DADRA AND NAGAR HAVELI,AMBOLI,VELUGAM,Dadar and Nagar Haveli,396230,,,,ChIJJ3peLHM35zsR6BgbGdnY4SE,B,Locality,dadra and nagar haveli,Primary School Baripada,"Parzai, Dadra and Nagar Haveli 396230, India"
DADRA AND NAGAR HAVELI(UT),26010103605,2015-16,GOVT. HIGH SCHOOL AMBOLI,DADRA AND NAGAR HAVELI,AMBOLI,AMBOLI,Dadar and Nagar Haveli,396230,,,,ChIJAfG4fFzL4DsR82KDUMHNkC0,B,Locality,dadra and nagar haveli,Kendriya Vidyalaya,"Govt Higher Secondary School Campus, TokarKhada, Silvassa, Dadra and Nagar Haveli 396230, India"
DADRA AND NAGAR HAVELI(UT),26010103911,2015-16,GOVT. HIGHER SECONDARY SCHOOL KHANVEL GUJARATI MEDIUM,DADRA AND NAGAR HAVELI,KHANVEL,KHANVEL,Dadar and Nagar Haveli,396230,,,,ChIJNe9m4evK4DsRzRogpLJlOUc,B,Locality,dadra and nagar haveli,GOVT HIGHER SECONDARY SCHOOL GALONDA,"Galonda Out Post, Dadra and Nagar Haveli 396230, India"
DADRA AND NAGAR HAVELI(UT),26010103310,2015-16,P.S.DADRIPADA,DADRA AND NAGAR HAVELI,DAPADA,SURANGI,Dadar and Nagar Haveli,396240,,,,,,,,,
DADRA AND NAGAR HAVELI(UT),26010100106,2015-16,P.S. ROHITWAS,DADRA AND NAGAR HAVELI,DADRA,DADRA,Dadar and Nagar Haveli,396193,,,,,,,,,
DADRA AND NAGAR HAVELI(UT),26010102010,2015-16,P.S. NAMACHALAPADA,DADRA AND NAGAR HAVELI,KILVANI,UMARKUI,Dadar and Nagar Haveli,396230,,,,,,,,,
DADRA AND NAGAR HAVELI(UT),26010106605,2015-16,P.S.VASDA,DADRA AND NAGAR HAVELI,MANDONI,VANSDA,Dadar and Nagar Haveli,396230,,,,ChIJ_-JDBTvM4DsR9Uohwby3oZQ,B,Locality,dadra and nagar haveli,Dadra Out Post,"GJ SH 185, Dadra, Dadra and Nagar Haveli 396193, India"
DADRA AND NAGAR HAVELI(UT),26010103912,2015-16,GOVT. HIGHER SECONDARY SCHOOL KHANVEL MARATHI MEDIUM,DADRA AND NAGAR HAVELI,KHANVEL,KHANVEL,Dadar and Nagar Haveli,396230,,,,ChIJNe9m4evK4DsRzRogpLJlOUc,B,Locality,dadra and nagar haveli,GOVT HIGHER SECONDARY SCHOOL GALONDA,"Galonda Out Post, Dadra and Nagar Haveli 396230, India"
DADRA AND NAGAR HAVELI(UT),26010104807,2015-16,GOVT. HIGHER SECONDARY SCHOOL DUDHANI,DADRA AND NAGAR HAVELI,DUDHANI,DUDHANI,Dadar and Nagar Haveli,396230,,,,ChIJNe9m4evK4DsRzRogpLJlOUc,B,Locality,dadra and nagar haveli,GOVT HIGHER SECONDARY SCHOOL GALONDA,"Galonda Out Post, Dadra and Nagar Haveli 396230, India"
DADRA AND NAGAR HAVELI(UT),26010106504,2015-16,GOVT. HIGH SCHOOL MANDONI,DADRA AND NAGAR HAVELI,MANDONI,MANDONI,Dadar and Nagar Haveli,396230,,,,ChIJAfG4fFzL4DsR82KDUMHNkC0,B,Locality,dadra and nagar haveli,Kendriya Vidyalaya,"Govt Higher Secondary School Campus, TokarKhada, Silvassa, Dadra and Nagar Haveli 396230, India"
DADRA AND NAGAR HAVELI(UT),26010106805,2015-16,GOVT. HIGH SCHOOL BEDPA,DADRA AND NAGAR HAVELI,MANDONI,BEDPA,Dadar and Nagar Haveli,396230,,,,ChIJAfG4fFzL4DsR82KDUMHNkC0,B,Locality,dadra and nagar haveli,Kendriya Vidyalaya,"Govt Higher Secondary School Campus, TokarKhada, Silvassa, Dadra and Nagar Haveli 396230, India"
DADRA AND NAGAR HAVELI(UT),26010106701,2015-16,P.S. JAMANVIHIRI,DADRA AND NAGAR HAVELI,MANDONI,BESDA,Dadar and Nagar Haveli,396230,,,,,,,,,
DADRA AND NAGAR HAVELI(UT),26010106702,2015-16,P.S. VADPADA,DADRA AND NAGAR HAVELI,MANDONI,BESDA,Dadar and Nagar Haveli,396230,,,,,,,,,
DADRA AND NAGAR HAVELI(UT),26010106703,2015-16,P.S. CHAPAPADA,DADRA AND NAGAR HAVELI,MANDONI,BESDA,Dadar and Nagar Haveli,396230,,,,,,,,,
DADRA AND NAGAR HAVELI(UT),26010106704,2015-16,P.S. BESDA,DADRA AND NAGAR HAVELI,MANDONI,BESDA,Dadar and Nagar Haveli,396230,,,,,,,,,
DADRA AND NAGAR HAVELI(UT),26010106909,2015-16,GOVT. H.S. SINDONI,DADRA AND NAGAR HAVELI,MANDONI,SINDONI,Dadar and Nagar Haveli,396230,,,,ChIJVYpuvKdI5zsRegktQ8D2suw,A,VILLAGE_NAME,sindoni,Gulab Maria High School Sindoni,"Sindoni, Dadra and Nagar Haveli, India"
DADRA AND NAGAR HAVELI(UT),26010107322,2015-16,GOVT. HIGH SCHOOL (Z) SILVASSA,DADRA AND NAGAR HAVELI,SILVASSA,SILVASSA,Dadar and Nagar Haveli,396230,,,,ChIJz-cV3mXL4DsR9JPcvOhrau8,A,Street Address,silvassa,"Govt. High School, English Medium, Silvassa","Silvassa, Dadra and Nagar Haveli 396230, India"
DADRA AND NAGAR HAVELI(UT),26010103004,2015-16,P.S. ZATIPADA,DADRA AND NAGAR HAVELI,DAPADA,DAPADA,Dadar and Nagar Haveli,396240,,,,,,,,,
DADRA AND NAGAR HAVELI(UT),26010103005,2015-16,P.S. CHAUDHARIPADA,DADRA AND NAGAR HAVELI,DAPADA,DAPADA,Dadar and Nagar Haveli,396240,,,,,,,,,
DADRA AND NAGAR HAVELI(UT),26010106804,2015-16,SADGUNI P.M.S. BEDPA,DADRA AND NAGAR HAVELI,MANDONI,BEDPA,Dadar and Nagar Haveli,396230,,,,,,,,,
DADRA AND NAGAR HAVELI(UT),26010101104,2015-16,P.S. PATELPADA GALONDA,DADRA AND NAGAR HAVELI,KILVANI,GALONDA,Dadar and Nagar Haveli,396230,,,,,,,,,
DADRA AND NAGAR HAVELI(UT),26010101105,2015-16,P.S. KOLIPADA,DADRA AND NAGAR HAVELI,KILVANI,GALONDA,Dadar and Nagar Haveli,396230,,,,ChIJGz83OePK4DsRH5_txEfZus4,B,Locality,dadra and nagar haveli,Galonda Kolipada,"Dadra and Nagar Haveli 396230, India"
DADRA AND NAGAR HAVELI(UT),26010107314,2015-16,FR. AGNELO ENGLISH SCHOOL SILVASSA,DADRA AND NAGAR HAVELI,SILVASSA,SILVASSA,Dadar and Nagar Haveli,396230,,,,ChIJnQvPeELL4DsRchqtEt8YCe0,A,Street Address,silvassa,Father Agnelo High School,"Bavisa Faliya, Silvassa, Dadra and Nagar Haveli 396230, India"
DADRA AND NAGAR HAVELI(UT),26010102901,2015-16,P.S. KHADIPADA,DADRA AND NAGAR HAVELI,DAPADA,CHIKHALI,Dadar and Nagar Haveli,396240,,,,,,,,,
DADRA AND NAGAR HAVELI(UT),26010103504,2015-16,P.S.DHODHADPADA,DADRA AND NAGAR HAVELI,AMBOLI,VELUGAM,Dadar and Nagar Haveli,396230,,,,,,,,,
DADRA AND NAGAR HAVELI(UT),26010103505,2015-16,P.S.BHUJADPADA,DADRA AND NAGAR HAVELI,AMBOLI,VELUGAM,Dadar and Nagar Haveli,396230,,,,,,,,,
DADRA AND NAGAR HAVELI(UT),26010103506,2015-16,P.S.PATELPADA,DADRA AND NAGAR HAVELI,AMBOLI,VELUGAM,Dadar and Nagar Haveli,396230,,,,ChIJb6VNi07L4DsR_KsRGiQFNPE,B,Locality,dadra and nagar haveli,Patel Pada,"Silvassa-Vapi Rd, Samarvarni, Silvassa, Dadra and Nagar Haveli 396230, India"
DADRA AND NAGAR HAVELI(UT),26010101107,2015-16,P.S. JANATHIYAPADA,DADRA AND NAGAR HAVELI,KILVANI,GALONDA,Dadar and Nagar Haveli,396230,,,,,,,,,
DADRA AND NAGAR HAVELI(UT),26010101001,2015-16,P.S. KILVANI,DADRA AND NAGAR HAVELI,KILVANI,KILVANI,Dadar and Nagar Haveli,396230,,,,ChIJtUPROWbL4DsROLnu2Q6VmXw,A,Street Address,kilvani,Police Head Quarters,"Near Zanda Chowk, Kilvani Naka, Amli Ind. Estate, Silvassa, Dadra and Nagar Haveli 396230, India"
DADRA AND NAGAR HAVELI(UT),26010100501,2015-16,P.S. KAPARIYAPADA,DADRA AND NAGAR HAVELI,KILVANI,SILI,Dadar and Nagar Haveli,396230,,,,,,,,,
DADRA AND NAGAR HAVELI(UT),26010100502,2015-16,P.S. KOBAPADA,DADRA AND NAGAR HAVELI,KILVANI,SILI,Dadar and Nagar Haveli,396230,,,,,,,,,
DADRA AND NAGAR HAVELI(UT),26010100703,2015-16,P.S.BANAPADA,DADRA AND NAGAR HAVELI,RANDHA,NANA RANDHA,Dadar and Nagar Haveli,396230,,,,,,,,,
DADRA AND NAGAR HAVELI(UT),26010103007,2015-16,P.S.DHODIPADA,DADRA AND NAGAR HAVELI,DAPADA,DAPADA,Dadar and Nagar Haveli,396240,,,,ChIJvTaRXI614DsRJySK4_aE-Gs,B,Locality,dadra and nagar haveli,Morkhal Dhodipada,"Dadra and Nagar Haveli 396230, India"
DADRA AND NAGAR HAVELI(UT),26010105906,2015-16,P.S. KHADIPADA MARATHI,DADRA AND NAGAR HAVELI,AMBOLI,KHERDI,Dadar and Nagar Haveli,396230,,,,,,,,,
DADRA AND NAGAR HAVELI(UT),26010105102,2015-16,P.S. KARBHARIPADA,DADRA AND NAGAR HAVELI,DUDHANI,GHODBARI,Dadar and Nagar Haveli,396230,,,,,,,,,
DADRA AND NAGAR HAVELI(UT),26010102203,2015-16,P.S. PADRIPADA ENG.MEDIUM,DADRA AND NAGAR HAVELI,RAKHOLI,MASAT,Dadar and Nagar Haveli,396230,,,,,,,,,
DADRA AND NAGAR HAVELI(UT),26010102204,2015-16,P.S. KHADIPADA,DADRA AND NAGAR HAVELI,RAKHOLI,MASAT,Dadar and Nagar Haveli,396230,,,,,,,,,
DADRA AND NAGAR HAVELI(UT),26010102301,2015-16,P.S. KUDACHA,DADRA AND NAGAR HAVELI,RAKHOLI,KUDACHA,Dadar and Nagar Haveli,396240,,,,,,,,,
DADRA AND NAGAR HAVELI(UT),26010100104,2015-16,C.P.S. DADRA ,DADRA AND NAGAR HAVELI,DADRA,DADRA,Dadar and Nagar Haveli,396193,,,,ChIJ_-JDBTvM4DsR9Uohwby3oZQ,A,Street Address,dadra,Dadra Out Post,"GJ SH 185, Dadra, Dadra and Nagar Haveli 396193, India"
DADRA AND NAGAR HAVELI(UT),26010100503,2015-16,P.S. SANVARPADA,DADRA AND NAGAR HAVELI,KILVANI,SILI,Dadar and Nagar Haveli,396230,,,,,,,,,
DADRA AND NAGAR HAVELI(UT),26010100505,2015-16,P.S. KUVAPADA,DADRA AND NAGAR HAVELI,KILVANI,SILI,Dadar and Nagar Haveli,396230,,,,,,,,,
DADRA AND NAGAR HAVELI(UT),26010100506,2015-16,P.S. TALAVPADA,DADRA AND NAGAR HAVELI,KILVANI,SILI,Dadar and Nagar Haveli,396230,,,,,,,,,
DADRA AND NAGAR HAVELI(UT),26010100507,2015-16,P.S. RANPADA,DADRA AND NAGAR HAVELI,KILVANI,SILI,Dadar and Nagar Haveli,396230,,,,,,,,,
DADRA AND NAGAR HAVELI(UT),26010104704,2015-16,P.S. RANPADA,DADRA AND NAGAR HAVELI,DUDHANI,KAUCHA,Dadar and Nagar Haveli,396230,,,,,,,,,
DADRA AND NAGAR HAVELI(UT),26010104805,2015-16,P.S. TOKARPADA,DADRA AND NAGAR HAVELI,DUDHANI,DUDHANI,Dadar and Nagar Haveli,396230,,,,,,,,,
DADRA AND NAGAR HAVELI(UT),26010104806,2015-16,P.S. KALAMDEVI,DADRA AND NAGAR HAVELI,DUDHANI,DUDHANI,Dadar and Nagar Haveli,396230,,,,,,,,,
DADRA AND NAGAR HAVELI(UT),26010105303,2015-16,P.S. GAVANPADA,DADRA AND NAGAR HAVELI,DUDHANI,KHERARBARI,Dadar and Nagar Haveli,396230,,,,,,,,,
DADRA AND NAGAR HAVELI(UT),26010105802,2015-16,P.S.KHADIPADA MARATHI,DADRA AND NAGAR HAVELI,AMBOLI,KARACHGAM,Dadar and Nagar Haveli,396230,,,,,,,,,
DADRA AND NAGAR HAVELI(UT),26010100906,2015-16,P.S. KHORIPADA,DADRA AND NAGAR HAVELI,RANDHA,BONTA,Dadar and Nagar Haveli,396230,,,,,,,,,
DADRA AND NAGAR HAVELI(UT),26010101705,2015-16,P.S SINDURFALIA,DADRA AND NAGAR HAVELI,NAROLI,ATHAL,Dadar and Nagar Haveli,396235,,,,,,,,,
DADRA AND NAGAR HAVELI(UT),26010101408,2015-16,C.P.S. NAVAFALIA,DADRA AND NAGAR HAVELI,NAROLI,NAROLI,Dadar and Nagar Haveli,396235,,,,,,,,,
DADRA AND NAGAR HAVELI(UT),26010106311,2015-16,P.S. VANGADPADA,DADRA AND NAGAR HAVELI,KHANVEL,RUDANA,Dadar and Nagar Haveli,396230,,,,,,,,,
DADRA AND NAGAR HAVELI(UT),26010102601,2015-16,C.P.S  VASONA,DADRA AND NAGAR HAVELI,DAPADA,VASONA,Dadar and Nagar Haveli,396240,,,,,,,,,
DADRA AND NAGAR HAVELI(UT),26010102602,2015-16,P.S. AMRUNPADA,DADRA AND NAGAR HAVELI,DAPADA,VASONA,Dadar and Nagar Haveli,396240,,,,,,,,,
DADRA AND NAGAR HAVELI(UT),26010102603,2015-16,P.S.  VADPADA,DADRA AND NAGAR HAVELI,DAPADA,VASONA,Dadar and Nagar Haveli,396240,,,,,,,,,
DADRA AND NAGAR HAVELI(UT),26010102604,2015-16,P.S. BOBAPADA,DADRA AND NAGAR HAVELI,DAPADA,VASONA,Dadar and Nagar Haveli,396240,,,,,,,,,
DADRA AND NAGAR HAVELI(UT),26010104902,2015-16,P.S. PATELPADA,DADRA AND NAGAR HAVELI,DUDHANI,GUNSA,Dadar and Nagar Haveli,396230,,,,ChIJb6VNi07L4DsR_KsRGiQFNPE,B,Locality,dadra and nagar haveli,Patel Pada,"Silvassa-Vapi Rd, Samarvarni, Silvassa, Dadra and Nagar Haveli 396230, India"
DADRA AND NAGAR HAVELI(UT),26010105905,2015-16,P.S. GHODEAMBA MARATHI,DADRA AND NAGAR HAVELI,AMBOLI,KHERDI,Dadar and Nagar Haveli,396230,,,,,,,,,
DADRA AND NAGAR HAVELI(UT),26010107103,2015-16,P.S. BARIPADA PARZAI MARATHI,DADRA AND NAGAR HAVELI,AMBOLI,PARZAI,Dadar and Nagar Haveli,396230,,,,,,,,,
DADRA AND NAGAR HAVELI(UT),26010103204,2015-16,P.S. KOLIPADA,DADRA AND NAGAR HAVELI,AMBOLI,KHADOLI,Dadar and Nagar Haveli,396230,,,,ChIJGz83OePK4DsRH5_txEfZus4,B,Locality,dadra and nagar haveli,Galonda Kolipada,"Dadra and Nagar Haveli 396230, India"
DADRA AND NAGAR HAVELI(UT),26010105803,2015-16,P.S.GAVITPADA MARATHI,DADRA AND NAGAR HAVELI,AMBOLI,KARACHGAM,Dadar and Nagar Haveli,396230,,,,,,,,,
DADRA AND NAGAR HAVELI(UT),26010105804,2015-16,P.S.KAKADPADA MARATHI,DADRA AND NAGAR HAVELI,AMBOLI,KARACHGAM,Dadar and Nagar Haveli,396230,,,,,,,,,
DADRA AND NAGAR HAVELI(UT),26010106001,2015-16,P.S.DOLARA MARATHI,DADRA AND NAGAR HAVELI,AMBOLI,DOLARA,Dadar and Nagar Haveli,396230,,,,,,,,,
DADRA AND NAGAR HAVELI(UT),26010106002,2015-16,P.S.PATILPADA MARATHI,DADRA AND NAGAR HAVELI,AMBOLI,DOLARA,Dadar and Nagar Haveli,396230,,,,,,,,,
DADRA AND NAGAR HAVELI(UT),26010103103,2015-16,P.S. PATI,DADRA AND NAGAR HAVELI,DAPADA,PATI,Dadar and Nagar Haveli,396240,,,,,,,,,
DADRA AND NAGAR HAVELI(UT),26010103307,2015-16,P.S. RAIPADA,DADRA AND NAGAR HAVELI,DAPADA,SURANGI,Dadar and Nagar Haveli,396240,,,,,,,,,
DADRA AND NAGAR HAVELI(UT),26010100804,2015-16,P.S. PARSIPADA,DADRA AND NAGAR HAVELI,RANDHA,MOTA RANDHA,Dadar and Nagar Haveli,396230,,,,,,,,,
DADRA AND NAGAR HAVELI(UT),26010100701,2015-16,P.S. NANARANDHA,DADRA AND NAGAR HAVELI,RANDHA,NANA RANDHA,Dadar and Nagar Haveli,396230,,,,,,,,,
DADRA AND NAGAR HAVELI(UT),26010102605,2015-16,P.S.  GADHERPADA,DADRA AND NAGAR HAVELI,DAPADA,VASONA,Dadar and Nagar Haveli,396240,,,,,,,,,
DADRA AND NAGAR HAVELI(UT),26010102701,2015-16,P.S. KOKANPADA,DADRA AND NAGAR HAVELI,DAPADA,CHINCHPADA,Dadar and Nagar Haveli,396240,,,,,,,,,
DADRA AND NAGAR HAVELI(UT),26010106305,2015-16,P.S. CHIKHALDAPADA,DADRA AND NAGAR HAVELI,KHANVEL,RUDANA,Dadar and Nagar Haveli,396230,,,,,,,,,
DADRA AND NAGAR HAVELI(UT),26010104101,2015-16,P.S. GORATPADA,DADRA AND NAGAR HAVELI,KHANVEL,GORATPADA,Dadar and Nagar Haveli,396230,,,,,,,,,
DADRA AND NAGAR HAVELI(UT),26010107317,2015-16,KENDRIYA VIDYALAYA SILVASSA,DADRA AND NAGAR HAVELI,SILVASSA,SILVASSA,Dadar and Nagar Haveli,396230,,,,ChIJAfG4fFzL4DsR82KDUMHNkC0,A,Street Address,silvassa,Kendriya Vidyalaya,"Govt Higher Secondary School Campus, TokarKhada, Silvassa, Dadra and Nagar Haveli 396230, India"
DADRA AND NAGAR HAVELI(UT),26010104002,2015-16,P.S. KARBHARIPADA,DADRA AND NAGAR HAVELI,KHANVEL,UMERVARNI,Dadar and Nagar Haveli,396230,,,,,,,,,
DADRA AND NAGAR HAVELI(UT),26010105403,2015-16,P.S. VANGANPADA,DADRA AND NAGAR HAVELI,KHANVEL,SHELTI,Dadar and Nagar Haveli,396230,,,,,,,,,
DADRA AND NAGAR HAVELI(UT),26010105404,2015-16,"NIRMALMATA  PRIMARY SCHOOL, SHELTI",DADRA AND NAGAR HAVELI,KHANVEL,SHELTI,Dadar and Nagar Haveli,396230,,,,,,,,,
DADRA AND NAGAR HAVELI(UT),26010100110,2015-16,GYAN PRAKASH ENGLISH SCHOOL,DADRA AND NAGAR HAVELI,DADRA,DADRA,Dadar and Nagar Haveli,396193,,,,,,,,,
DADRA AND NAGAR HAVELI(UT),26010107329,2015-16,LITTLE BIRDS ENGLISH SCHOOL,DADRA AND NAGAR HAVELI,SILVASSA,SILVASSA,Dadar and Nagar Haveli,396230,,,,ChIJf0UIrWrL4DsRcNiQDJhvnnM,A,Street Address,silvassa,Little Bird English School,"Bavisa Faliya, Silvassa, Dadra and Nagar Haveli 396240, India"
DADRA AND NAGAR HAVELI(UT),26010107330,2015-16,MOUNT LITERA ZEE SCHOOL,DADRA AND NAGAR HAVELI,NAROLI,SILVASSA,Dadar and Nagar Haveli,396235,,,,ChIJf4ug4RzN4DsR8McbzNQdJjI,A,Street Address,naroli,Mount LITERA ZEE SCHOOL,"Silvassa - Bhilad Rd, Naroli, India"
DADRA AND NAGAR HAVELI(UT),26010107331,2015-16,MODERN ENGLISH SCHOOL,DADRA AND NAGAR HAVELI,SILVASSA,SILVASSA,Dadar and Nagar Haveli,396230,,,,,,,,,
DADRA AND NAGAR HAVELI(UT),26010100702,2015-16,P.S. DUNGRIPADA,DADRA AND NAGAR HAVELI,RANDHA,NANA RANDHA,Dadar and Nagar Haveli,396230,,,,,,,,,
DADRA AND NAGAR HAVELI(UT),26010100901,2015-16,P.S. AKALBARA,DADRA AND NAGAR HAVELI,RANDHA,BONTA,Dadar and Nagar Haveli,396230,,,,,,,,,
DADRA AND NAGAR HAVELI(UT),26010100902,2015-16,P.S. BORSAPADA,DADRA AND NAGAR HAVELI,RANDHA,BONTA,Dadar and Nagar Haveli,396230,,,,,,,,,
DADRA AND NAGAR HAVELI(UT),26010100903,2015-16,P.S. DUNGRIPADA,DADRA AND NAGAR HAVELI,RANDHA,BONTA,Dadar and Nagar Haveli,396230,,,,,,,,,
DADRA AND NAGAR HAVELI(UT),26010101801,2015-16,C.P.S. SAMARVARNI,DADRA AND NAGAR HAVELI,RAKHOLI,SAMARVARNI,Dadar and Nagar Haveli,396230,,,,ChIJ3SeRC2jL4DsRTcl07v17TC0,B,Locality,dadra and nagar haveli,Circuit House,"Silvassa, Dadra and Nagar Haveli 396230, India"
DADRA AND NAGAR HAVELI(UT),26010101802,2015-16,P.S. PATELPADA,DADRA AND NAGAR HAVELI,RAKHOLI,SAMARVARNI,Dadar and Nagar Haveli,396230,,,,ChIJb6VNi07L4DsR_KsRGiQFNPE,A,VILLAGE_NAME,samarvarni,Patel Pada,"Silvassa-Vapi Rd, Samarvarni, Silvassa, Dadra and Nagar Haveli 396230, India"
DADRA AND NAGAR HAVELI(UT),26010107303,2015-16,P.S. BHURKUDFALIYA,DADRA AND NAGAR HAVELI,SILVASSA,SILVASSA,Dadar and Nagar Haveli,396230,,,,,,,,,
DADRA AND NAGAR HAVELI(UT),26010101905,2015-16,P.S. GARDIPADA,DADRA AND NAGAR HAVELI,KILVANI,FALANDI,Dadar and Nagar Haveli,396230,,,,,,,,,
DADRA AND NAGAR HAVELI(UT),26010104001,2015-16,P.S. UMARVARNI,DADRA AND NAGAR HAVELI,KHANVEL,UMERVARNI,Dadar and Nagar Haveli,396230,,,,,,,,,
DADRA AND NAGAR HAVELI(UT),26010106301,2015-16,P.S. RUDANA,DADRA AND NAGAR HAVELI,KHANVEL,RUDANA,Dadar and Nagar Haveli,396230,,,,,,,,,
DADRA AND NAGAR HAVELI(UT),26010106302,2015-16,P.S. DADRIPADA,DADRA AND NAGAR HAVELI,KHANVEL,RUDANA,Dadar and Nagar Haveli,396230,,,,,,,,,
DADRA AND NAGAR HAVELI(UT),26010106303,2015-16,P.S. CHIMBADPADA,DADRA AND NAGAR HAVELI,KHANVEL,RUDANA,Dadar and Nagar Haveli,396230,,,,,,,,,
DADRA AND NAGAR HAVELI(UT),26010107327,2015-16,GOVT. HIGHER SECONDARY SCHOOL (T) MARATHI MEDIUM,DADRA AND NAGAR HAVELI,SILVASSA,SILVASSA,Dadar and Nagar Haveli,396230,,,,ChIJz-cV3mXL4DsR9JPcvOhrau8,A,Street Address,silvassa,"Govt. High School, English Medium, Silvassa","Silvassa, Dadra and Nagar Haveli 396230, India"
DADRA AND NAGAR HAVELI(UT),26010100805,2015-16,"GOVT.HIGHER SECONDARY SCHOOL, RANDHA",DADRA AND NAGAR HAVELI,RANDHA,MOTA RANDHA,Dadar and Nagar Haveli,396230,,,,ChIJNe9m4evK4DsRzRogpLJlOUc,B,Locality,dadra and nagar haveli,GOVT HIGHER SECONDARY SCHOOL GALONDA,"Galonda Out Post, Dadra and Nagar Haveli 396230, India"
DADRA AND NAGAR HAVELI(UT),26010107333,2015-16,SILVASSA PUBLIC SCHOOL,DADRA AND NAGAR HAVELI,SILVASSA,SILVASSA,Dadar and Nagar Haveli,396230,,,,ChIJnQvPeELL4DsRchqtEt8YCe0,A,Street Address,silvassa,Father Agnelo High School,"Bavisa Faliya, Silvassa, Dadra and Nagar Haveli 396230, India"
DADRA AND NAGAR HAVELI(UT),26010107213,2015-16,JACK-N-JILL ENGLISH SCHOOL,DADRA AND NAGAR HAVELI,SILVASSA,AMLI,Dadar and Nagar Haveli,396230,,,,,,,,,
DADRA AND NAGAR HAVELI(UT),26010100904,2015-16,P.S. KANBIPADA,DADRA AND NAGAR HAVELI,RANDHA,BONTA,Dadar and Nagar Haveli,396230,,,,,,,,,
DADRA AND NAGAR HAVELI(UT),26010100905,2015-16,P.S. DHAMODIAPADA,DADRA AND NAGAR HAVELI,RANDHA,BONTA,Dadar and Nagar Haveli,396230,,,,,,,,,
DADRA AND NAGAR HAVELI(UT),26010100601,2015-16,C.P.S. MORKHAL,DADRA AND NAGAR HAVELI,RANDHA,MORKHAL,Dadar and Nagar Haveli,396230,,,,,,,,,
DADRA AND NAGAR HAVELI(UT),26010100602,2015-16,P.S. DUNGRPADA,DADRA AND NAGAR HAVELI,RANDHA,MORKHAL,Dadar and Nagar Haveli,396230,,,,,,,,,
DADRA AND NAGAR HAVELI(UT),26010103910,2015-16,K G B VIDYALAYA,DADRA AND NAGAR HAVELI,KHANVEL,KHANVEL,Dadar and Nagar Haveli,396230,,,,ChIJAfG4fFzL4DsR82KDUMHNkC0,B,Locality,dadra and nagar haveli,Kendriya Vidyalaya,"Govt Higher Secondary School Campus, TokarKhada, Silvassa, Dadra and Nagar Haveli 396230, India"
DADRA AND NAGAR HAVELI(UT),26010107318,2015-16,ST. GEORGE ENGLISH SCHOOL,DADRA AND NAGAR HAVELI,SILVASSA,SILVASSA,Dadar and Nagar Haveli,396230,,,,ChIJcyR0kXHL4DsRQ2XYyHgyNus,A,Street Address,silvassa,"St. George English School, Silvassa","Ahir Faliya, Opp. Saket Building, Dokmardi,Silvassa, Amli, Dadra and Nagar Haveli 396230, India"
DADRA AND NAGAR HAVELI(UT),26010107319,2015-16,"OUR LADY OF HELP ENGLISH SCHOOL, SAMARVARNI",DADRA AND NAGAR HAVELI,SILVASSA,SILVASSA,Dadar and Nagar Haveli,396230,,,,ChIJ17mXPknL4DsRoLEzDZaQeH4,A,Street Address,silvassa,Our Lady Of Help,"Survey No. 29/1/3, Empress Mall Rd, Behind Pramukh Aangan, Samarvarni, Silvassa, Gujarat, Empress Mall Rd, Behind Pramukh Aangan, Samarvarni, Silvassa, Gujarat 396230, India"
DADRA AND NAGAR HAVELI(UT),26010107320,2015-16,"ST XAVIER'S SCHOOL, SILVASSA",DADRA AND NAGAR HAVELI,SILVASSA,SILVASSA,Dadar and Nagar Haveli,396230,,,,ChIJb3tX3FjL4DsRChcPiPDsjM0,A,Street Address,silvassa,St.xavier's School,"Silvassa, Dadra and Nagar Haveli, India"
DADRA AND NAGAR HAVELI(UT),26010106304,2015-16,P.S. MARAGPADA,DADRA AND NAGAR HAVELI,KHANVEL,RUDANA,Dadar and Nagar Haveli,396230,,,,,,,,,
DADRA AND NAGAR HAVELI(UT),26010106905,2015-16,P.S. LUHARMAL,DADRA AND NAGAR HAVELI,MANDONI,SINDONI,Dadar and Nagar Haveli,396230,,,,,,,,,
DADRA AND NAGAR HAVELI(UT),26010106601,2015-16,P.S.DEVIPADA,DADRA AND NAGAR HAVELI,MANDONI,VANSDA,Dadar and Nagar Haveli,396230,,,,,,,,,
DADRA AND NAGAR HAVELI(UT),26010106602,2015-16,P.S. HEDVACHIMAL,DADRA AND NAGAR HAVELI,MANDONI,VANSDA,Dadar and Nagar Haveli,396230,,,,,,,,,
DADRA AND NAGAR HAVELI(UT),26010107335,2015-16,"B. M. ENGLISH SCHOOL, SILVASSA",DADRA AND NAGAR HAVELI,RAKHOLI,SILVASSA,Dadar and Nagar Haveli,396230,,,,ChIJWYFmWkzL4DsRKnOGR-83hv0,A,VILLAGE_NAME,silvassa,BM English School,"Silvassa-Vapi Rd, Silvassa, Dadra and Nagar Haveli, India"
DADRA AND NAGAR HAVELI(UT),26010102205,2015-16,LORD KRISHNA ENGLISH SCHOOL,DADRA AND NAGAR HAVELI,RAKHOLI,MASAT,Dadar and Nagar Haveli,396230,,,,,,,,,
DADRA AND NAGAR HAVELI(UT),26010101411,2015-16,DREAM WORLD INTERNATIONAL SCHOOL,DADRA AND NAGAR HAVELI,NAROLI,NAROLI,Dadar and Nagar Haveli,396235,,,,ChIJP-8hlh3N4DsR45Af_Puw7KU,A,Street Address,naroli,Dream World International School,"Naroli, Dadra and Nagar Haveli 396235, India"
DADRA AND NAGAR HAVELI(UT),26010100803,2015-16,P.S. GANGODAPADA,DADRA AND NAGAR HAVELI,RANDHA,MOTA RANDHA,Dadar and Nagar Haveli,396230,,,,,,,,,
DADRA AND NAGAR HAVELI(UT),26010102803,2015-16,P.S. KHANCHPADA,DADRA AND NAGAR HAVELI,NAROLI,LUHARI,Dadar and Nagar Haveli,396235,,,,,,,,,
DADRA AND NAGAR HAVELI(UT),26010102804,2015-16,P.S. KHADIPADA,DADRA AND NAGAR HAVELI,NAROLI,LUHARI,Dadar and Nagar Haveli,396235,,,,,,,,,
DADRA AND NAGAR HAVELI(UT),26010101602,2015-16,P.S. DANDIKAR,DADRA AND NAGAR HAVELI,NAROLI,KHARADPADA,Dadar and Nagar Haveli,396235,,,,,,,,,
DADRA AND NAGAR HAVELI(UT),26010101603,2015-16,P.S. CHOWKIPADA,DADRA AND NAGAR HAVELI,NAROLI,KHARADPADA,Dadar and Nagar Haveli,396235,,,,,,,,,
DADRA AND NAGAR HAVELI(UT),26010104804,2015-16,"ST.FRANCIS XAVIER HIGH SCHOOL, DUDHANI",DADRA AND NAGAR HAVELI,DUDHANI,DUDHANI,Dadar and Nagar Haveli,396230,,,,ChIJaVRM5t9L5zsRxCcLFPWuGLo,A,Street Address,dudhani,ST. FRANCIS XAVIER HIGH SCHOOL,"Dudhani Jetti road, Dadra and Nagar Haveli 396230, India"
DADRA AND NAGAR HAVELI(UT),26010105201,2015-16,P.S. KARCHOND,DADRA AND NAGAR HAVELI,DUDHANI,KARCHOND,Dadar and Nagar Haveli,396230,,,,,,,,,
DADRA AND NAGAR HAVELI(UT),26010105202,2015-16,P.S. UMARMATHA,DADRA AND NAGAR HAVELI,DUDHANI,KARCHOND,Dadar and Nagar Haveli,396230,,,,,,,,,
DADRA AND NAGAR HAVELI(UT),26010105203,2015-16,P.S. CHIKARPADA,DADRA AND NAGAR HAVELI,DUDHANI,KARCHOND,Dadar and Nagar Haveli,396230,,,,,,,,,
DADRA AND NAGAR HAVELI(UT),26010106603,2015-16,P.S.CHOTHAPADA,DADRA AND NAGAR HAVELI,MANDONI,VANSDA,Dadar and Nagar Haveli,396230,,,,,,,,,
DADRA AND NAGAR HAVELI(UT),26010106604,2015-16,P.S. BARVADPADA,DADRA AND NAGAR HAVELI,MANDONI,VANSDA,Dadar and Nagar Haveli,396230,,,,,,,,,
DADRA AND NAGAR HAVELI(UT),26010106312,2015-16,P.S.KASPADA RUDANA,DADRA AND NAGAR HAVELI,KHANVEL,RUDANA,Dadar and Nagar Haveli,396230,,,,,,,,,
DADRA AND NAGAR HAVELI(UT),26010105405,2015-16,P.S. KHADKIPADA SHELTI,DADRA AND NAGAR HAVELI,KHANVEL,SHELTI,Dadar and Nagar Haveli,396230,,,,,,,,,
DADRA AND NAGAR HAVELI(UT),26010101412,2015-16,NIKHIL VIDYA BHAVAN,DADRA AND NAGAR HAVELI,NAROLI,NAROLI,Dadar and Nagar Haveli,396235,,,,ChIJSxsWAR3N4DsRaHrj_1Z6vyA,A,Street Address,naroli,Nikhil Vidya Bhavan English School,"Plot No. 29p, Brahamin Faliya., Naroli, Dadra and Nagar Haveli, India"
DADRA AND NAGAR HAVELI(UT),26010106407,2015-16,"KUMARIMATA PRIMARY SCHOOL, CHISDA",DADRA AND NAGAR HAVELI,MANDONI,CHISDA,Dadar and Nagar Haveli,396230,,,,,,,,,
DADRA AND NAGAR HAVELI(UT),26010106906,2015-16,GULAB MARIYA HIGH SCHOOL,DADRA AND NAGAR HAVELI,MANDONI,SINDONI,Dadar and Nagar Haveli,396230,,,,ChIJVYpuvKdI5zsRegktQ8D2suw,A,VILLAGE_NAME,sindoni,Gulab Maria High School Sindoni,"Sindoni, Dadra and Nagar Haveli, India"
DADRA AND NAGAR HAVELI(UT),26010100509,2015-16,P.S. SILI,DADRA AND NAGAR HAVELI,KILVANI,SILI,Dadar and Nagar Haveli,396230,,,,,,,,,
DADRA AND NAGAR HAVELI(UT),26010101604,2015-16,P.S. DHANARYA,DADRA AND NAGAR HAVELI,NAROLI,KHARADPADA,Dadar and Nagar Haveli,396235,,,,,,,,,
DADRA AND NAGAR HAVELI(UT),26010101704,2015-16,P.S. BARIPADA,DADRA AND NAGAR HAVELI,NAROLI,ATHAL,Dadar and Nagar Haveli,396235,,,,ChIJJ3peLHM35zsR6BgbGdnY4SE,B,Locality,dadra and nagar haveli,Primary School Baripada,"Parzai, Dadra and Nagar Haveli 396230, India"
DADRA AND NAGAR HAVELI(UT),26010100508,2015-16,JAWAHAR NAVODAYA VIDYALAYA,DADRA AND NAGAR HAVELI,KILVANI,SILI,Dadar and Nagar Haveli,396230,,,,ChIJ32ib1U7K4DsRNkjDNJ7O_KY,B,Locality,dadra and nagar haveli,Jawahar Navodaya Vidyalaya Silvassa,"Dadra and Nagar Haveli, India"
DADRA AND NAGAR HAVELI(UT),26010102008,2015-16,P.S. BHAGATPADA,DADRA AND NAGAR HAVELI,KILVANI,UMARKUI,Dadar and Nagar Haveli,396230,,,,,,,,,
DADRA AND NAGAR HAVELI(UT),26010105204,2015-16,P.S. KHADKUNIYA,DADRA AND NAGAR HAVELI,DUDHANI,KARCHOND,Dadar and Nagar Haveli,396230,,,,,,,,,
DADRA AND NAGAR HAVELI(UT),26010105205,2015-16,P.S. PAYRIPADA,DADRA AND NAGAR HAVELI,DUDHANI,KARCHOND,Dadar and Nagar Haveli,396230,,,,,,,,,
DADRA AND NAGAR HAVELI(UT),26010105206,2015-16,P.S. MAMLIPADA,DADRA AND NAGAR HAVELI,DUDHANI,KARCHOND,Dadar and Nagar Haveli,396230,,,,,,,,,
DADRA AND NAGAR HAVELI(UT),26010102502,2015-16,P.S. PLOTPADA,DADRA AND NAGAR HAVELI,RAKHOLI,KARAD,Dadar and Nagar Haveli,396240,,,,,,,,,
DADRA AND NAGAR HAVELI(UT),26010103508,2015-16,FATIMA MATA MARATHI SCHOOL VEL,DADRA AND NAGAR HAVELI,AMBOLI,VELUGAM,Dadar and Nagar Haveli,396230,,,,,,,,,
DADRA AND NAGAR HAVELI(UT),26010102302,2015-16,PRABUDHA VINA VADINI  GYANPEETH ,DADRA AND NAGAR HAVELI,RAKHOLI,KUDACHA,Dadar and Nagar Haveli,396230,,,,,,,,,
DADRA AND NAGAR HAVELI(UT),26010100510,2015-16,GOVT. HIGH SCHOOL SILI,DADRA AND NAGAR HAVELI,KILVANI,SILI,Dadar and Nagar Haveli,396230,,,,ChIJAfG4fFzL4DsR82KDUMHNkC0,B,Locality,dadra and nagar haveli,Kendriya Vidyalaya,"Govt Higher Secondary School Campus, TokarKhada, Silvassa, Dadra and Nagar Haveli 396230, India"
DADRA AND NAGAR HAVELI(UT),26010101906,2015-16,GOVT. HIGH SCHOOL FALANDI,DADRA AND NAGAR HAVELI,KILVANI,FALANDI,Dadar and Nagar Haveli,396230,,,,ChIJAfG4fFzL4DsR82KDUMHNkC0,B,Locality,dadra and nagar haveli,Kendriya Vidyalaya,"Govt Higher Secondary School Campus, TokarKhada, Silvassa, Dadra and Nagar Haveli 396230, India"
DADRA AND NAGAR HAVELI(UT),26010101901,2015-16,C.P.S. FALANDI,DADRA AND NAGAR HAVELI,KILVANI,FALANDI,Dadar and Nagar Haveli,396230,,,,,,,,,
DADRA AND NAGAR HAVELI(UT),26010101902,2015-16,P.S. NIMBARPADA,DADRA AND NAGAR HAVELI,KILVANI,FALANDI,Dadar and Nagar Haveli,396230,,,,,,,,,
DADRA AND NAGAR HAVELI(UT),26010101201,2015-16,C.P.S. ATHOLA,DADRA AND NAGAR HAVELI,KILVANI,ATHOLA,Dadar and Nagar Haveli,396230,,,,,,,,,
DADRA AND NAGAR HAVELI(UT),26010101202,2015-16,P.S. DUNGARIFALIA,DADRA AND NAGAR HAVELI,KILVANI,ATHOLA,Dadar and Nagar Haveli,396230,,,,,,,,,
DADRA AND NAGAR HAVELI(UT),26010102101,2015-16,P.S. DUNGARPADA,DADRA AND NAGAR HAVELI,RAKHOLI,SAILY,Dadar and Nagar Haveli,396230,,,,,,,,,
DADRA AND NAGAR HAVELI(UT),26010102102,2015-16,P.S. SALKARPADA,DADRA AND NAGAR HAVELI,RAKHOLI,SAILY,Dadar and Nagar Haveli,396240,,,,,,,,,
DADRA AND NAGAR HAVELI(UT),26010102103,2015-16,P.S. ZARIPADA,DADRA AND NAGAR HAVELI,RAKHOLI,SAILY,Dadar and Nagar Haveli,396240,,,,,,,,,
DADRA AND NAGAR HAVELI(UT),26010102104,2015-16,P.S. CHOKIPADA,DADRA AND NAGAR HAVELI,RAKHOLI,SAILY,Dadar and Nagar Haveli,396240,,,,ChIJ97pJOtA05zsRh-nMPRZKRGs,B,Locality,dadra and nagar haveli,Choki Pada School,"Alok city, Dadra and Nagar Haveli 396240, India"
DADRA AND NAGAR HAVELI(UT),26010103913,2015-16,FELLOWSHIP ASHRAM MISSION SCHOOL,DADRA AND NAGAR HAVELI,KHANVEL,KHANVEL,Dadar and Nagar Haveli,396230,,,,,,,,,
DADRA AND NAGAR HAVELI(UT),26010103009,2015-16,SACRED HEART ENGLISH PRIMARY SCHOOL,DADRA AND NAGAR HAVELI,DAPADA,DAPADA,Dadar and Nagar Haveli,396230,,,,,,,,,
DADRA AND NAGAR HAVELI(UT),26010103914,2015-16,J.J.D.S. ENGLISH SCHOOL,DADRA AND NAGAR HAVELI,KHANVEL,KHANVEL,Dadar and Nagar Haveli,396230,,,,ChIJBbPQQkHL4DsRapq10inbsSM,B,Locality,dadra and nagar haveli,Kids English School,"Samarvarni, Silvassa, Dadra and Nagar Haveli 396240, India"
DADRA AND NAGAR HAVELI(UT),26010106501,2015-16,C.P.S. MANDONI,DADRA AND NAGAR HAVELI,MANDONI,MANDONI,Dadar and Nagar Haveli,396230,,,,,,,,,
DADRA AND NAGAR HAVELI(UT),26010106502,2015-16,P.S. KALSUNPADA,DADRA AND NAGAR HAVELI,MANDONI,MANDONI,Dadar and Nagar Haveli,396230,,,,,,,,,
DADRA AND NAGAR HAVELI(UT),26010101203,2015-16,P.S. DHODHFALIA,DADRA AND NAGAR HAVELI,KILVANI,ATHOLA,Dadar and Nagar Haveli,396230,,,,,,,,,
DADRA AND NAGAR HAVELI(UT),26010101205,2015-16,P.S. BARIPADA,DADRA AND NAGAR HAVELI,KILVANI,ATHOLA,Dadar and Nagar Haveli,396230,,,,ChIJJ3peLHM35zsR6BgbGdnY4SE,B,Locality,dadra and nagar haveli,Primary School Baripada,"Parzai, Dadra and Nagar Haveli 396230, India"
DADRA AND NAGAR HAVELI(UT),26010103901,2015-16,C.P.S. KHANVEL ,DADRA AND NAGAR HAVELI,KHANVEL,KHANVEL,Dadar and Nagar Haveli,396230,,,,ChIJ3SeRC2jL4DsRTcl07v17TC0,B,Locality,dadra and nagar haveli,Circuit House,"Silvassa, Dadra and Nagar Haveli 396230, India"
DADRA AND NAGAR HAVELI(UT),26010103902,2015-16,P.S. KHANVEL ENG. MEDIUM,DADRA AND NAGAR HAVELI,KHANVEL,KHANVEL,Dadar and Nagar Haveli,396230,,,,ChIJ3ZbcgFzL4DsR1mrSgUq-KAI,B,Locality,dadra and nagar haveli,Silvassa Government Higher School English Medium,"Silvassa, Dadra and Nagar Haveli 396230, India"
DADRA AND NAGAR HAVELI(UT),26010102105,2015-16,P.S. VAIJALPADA,DADRA AND NAGAR HAVELI,RAKHOLI,SAILY,Dadar and Nagar Haveli,396240,,,,,,,,,
DADRA AND NAGAR HAVELI(UT),26010100604,2015-16,P.S. KHADKIPADA,DADRA AND NAGAR HAVELI,RANDHA,MORKHAL,Dadar and Nagar Haveli,396230,,,,,,,,,
DADRA AND NAGAR HAVELI(UT),26010100605,2015-16,P.S. RAUTPADA,DADRA AND NAGAR HAVELI,RANDHA,MORKHAL,Dadar and Nagar Haveli,396230,,,,,,,,,
DADRA AND NAGAR HAVELI(UT),26010100606,2015-16,P.S. DABHADPADA,DADRA AND NAGAR HAVELI,RANDHA,MORKHAL,Dadar and Nagar Haveli,396230,,,,,,,,,
DADRA AND NAGAR HAVELI(UT),26010106401,2015-16,P.S.CHISDA,DADRA AND NAGAR HAVELI,MANDONI,CHISDA,Dadar and Nagar Haveli,396230,,,,,,,,,
DADRA AND NAGAR HAVELI(UT),26010106402,2015-16,P.S. MURDOLPADA,DADRA AND NAGAR HAVELI,MANDONI,CHISDA,Dadar and Nagar Haveli,396230,,,,,,,,,
DADRA AND NAGAR HAVELI(UT),26010106403,2015-16,P.S. AKHARMAL,DADRA AND NAGAR HAVELI,MANDONI,CHISDA,Dadar and Nagar Haveli,396230,,,,,,,,,
DADRA AND NAGAR HAVELI(UT),26010103904,2015-16,P.S. DONGRIPADA MARATHI MEDIU,DADRA AND NAGAR HAVELI,KHANVEL,KHANVEL,Dadar and Nagar Haveli,396230,,,,,,,,,
DADRA AND NAGAR HAVELI(UT),26010103903,2015-16,C.P.S. KHANVEL MARATHI MEDIUM,DADRA AND NAGAR HAVELI,KHANVEL,KHANVEL,Dadar and Nagar Haveli,396230,,,,,,,,,
DADRA AND NAGAR HAVELI(UT),26010105904,2015-16,P.S.KASPADA,DADRA AND NAGAR HAVELI,AMBOLI,KHERDI,Dadar and Nagar Haveli,396230,,,,,,,,,
DADRA AND NAGAR HAVELI(UT),26010101501,2015-16,P.S. KANADI,DADRA AND NAGAR HAVELI,NAROLI,KANADI,Dadar and Nagar Haveli,396235,,,,,,,,,
DADRA AND NAGAR HAVELI(UT),26010101404,2015-16,P.S. VALYAGOLA,DADRA AND NAGAR HAVELI,NAROLI,NAROLI,Dadar and Nagar Haveli,396235,,,,,,,,,
DADRA AND NAGAR HAVELI(UT),26010101101,2015-16,C.P.S. GALONDA,DADRA AND NAGAR HAVELI,KILVANI,GALONDA,Dadar and Nagar Haveli,396230,,,,,,,,,
DADRA AND NAGAR HAVELI(UT),26010101102,2015-16,P.S. GALONDA ENG. MED.,DADRA AND NAGAR HAVELI,KILVANI,GALONDA,Dadar and Nagar Haveli,396230,,,,ChIJN20U6evK4DsRV7eJenTueNg,B,Locality,dadra and nagar haveli,Galonda English Medium Primary School,"Dadra and Nagar Haveli 396230, India"
DADRA AND NAGAR HAVELI(UT),26010105401,2015-16,P.S. PATELPADA,DADRA AND NAGAR HAVELI,KHANVEL,SHELTI,Dadar and Nagar Haveli,396230,,,,ChIJb6VNi07L4DsR_KsRGiQFNPE,B,Locality,dadra and nagar haveli,Patel Pada,"Silvassa-Vapi Rd, Samarvarni, Silvassa, Dadra and Nagar Haveli 396230, India"
DADRA AND NAGAR HAVELI(UT),26010105402,2015-16,P.S. BEHADMAL,DADRA AND NAGAR HAVELI,KHANVEL,SHELTI,Dadar and Nagar Haveli,396230,,,,,,,,,
DADRA AND NAGAR HAVELI(UT),26010103905,2015-16,P.S. PATALIPADA MARATHI MEDIUM,DADRA AND NAGAR HAVELI,KHANVEL,KHANVEL,Dadar and Nagar Haveli,396230,,,,,,,,,
DADRA AND NAGAR HAVELI(UT),26010103906,2015-16,P.S. KHORIPADA MARATHI MEDIUM,DADRA AND NAGAR HAVELI,KHANVEL,KHANVEL,Dadar and Nagar Haveli,396230,,,,,,,,,
DADRA AND NAGAR HAVELI(UT),26010103907,2015-16,P.S. BHAGATPADA MARATHI MEDIUM,DADRA AND NAGAR HAVELI,KHANVEL,KHANVEL,Dadar and Nagar Haveli,396230,,,,,,,,,
DADRA AND NAGAR HAVELI(UT),26010103908,2015-16,GYANMATA  HIGH SCHOOL (ENGLISH),DADRA AND NAGAR HAVELI,KHANVEL,KHANVEL,Dadar and Nagar Haveli,396230,,,,ChIJi-U8tjA25zsREWKnKypR1OE,B,Locality,dadra and nagar haveli,Gyanmata English High School,"Rudana, Dadra and Nagar Haveli 396230, India"
DADRA AND NAGAR HAVELI(UT),26010101405,2015-16,P.S. NAROLI ENG.MEDIUM,DADRA AND NAGAR HAVELI,NAROLI,NAROLI,Dadar and Nagar Haveli,396235,,,,ChIJS7X6LhnN4DsRCx269SK675w,A,Street Address,naroli,New Era English Medium School,"GJ SH 185, Naroli, Dadra and Nagar Haveli 396235, India"
DADRA AND NAGAR HAVELI(UT),26010101601,2015-16,C.P.S. KHARADPADA,DADRA AND NAGAR HAVELI,NAROLI,KHARADPADA,Dadar and Nagar Haveli,396235,,,,,,,,,
DADRA AND NAGAR HAVELI(UT),26010101701,2015-16,P.S. ATHAL,DADRA AND NAGAR HAVELI,NAROLI,ATHAL,Dadar and Nagar Haveli,396235,,,,ChIJ3SeRC2jL4DsRTcl07v17TC0,B,Locality,dadra and nagar haveli,Circuit House,"Silvassa, Dadra and Nagar Haveli 396230, India"
DADRA AND NAGAR HAVELI(UT),26010101702,2015-16,P.S. KHADIPADA,DADRA AND NAGAR HAVELI,NAROLI,ATHAL,Dadar and Nagar Haveli,396235,,,,,,,,,
DADRA AND NAGAR HAVELI(UT),26010107316,2015-16,C.P.S. TOKARKHADA,DADRA AND NAGAR HAVELI,SILVASSA,SILVASSA,Dadar and Nagar Haveli,396230,,,,ChIJ3SeRC2jL4DsRTcl07v17TC0,A,Street Address,silvassa,Circuit House,"Silvassa, Dadra and Nagar Haveli 396230, India"
DADRA AND NAGAR HAVELI(UT),26010101808,2015-16,P.S. RAGHUFALIA,DADRA AND NAGAR HAVELI,RAKHOLI,SAMARVARNI,Dadar and Nagar Haveli,396230,,,,,,,,,
DADRA AND NAGAR HAVELI(UT),26010107209,2015-16,C.P.S. BALDEVI,DADRA AND NAGAR HAVELI,SILVASSA,AMLI,Dadar and Nagar Haveli,396230,,,,,,,,,
DADRA AND NAGAR HAVELI(UT),26010107210,2015-16,P.S. DAYATFALIA,DADRA AND NAGAR HAVELI,SILVASSA,AMLI,Dadar and Nagar Haveli,396230,,,,,,,,,
DADRA AND NAGAR HAVELI(UT),26010103909,2015-16,GYANMATA HIGH SCHOOL (MARATHI),DADRA AND NAGAR HAVELI,KHANVEL,KHANVEL,Dadar and Nagar Haveli,396230,,,,ChIJi-U8tjA25zsREWKnKypR1OE,B,Locality,dadra and nagar haveli,Gyanmata English High School,"Rudana, Dadra and Nagar Haveli 396230, India"
DADRA AND NAGAR HAVELI(UT),26010106201,2015-16,P.S. TALAVALI,DADRA AND NAGAR HAVELI,KHANVEL,TALAVALI,Dadar and Nagar Haveli,396230,,,,,,,,,
DADRA AND NAGAR HAVELI(UT),26010105601,2015-16,P.S. CHAUDA,DADRA AND NAGAR HAVELI,KHANVEL,CHAUDA,Dadar and Nagar Haveli,396230,,,,,,,,,
DADRA AND NAGAR HAVELI(UT),26010105501,2015-16,P.S. KHUTALI,DADRA AND NAGAR HAVELI,KHANVEL,KHUTALI,Dadar and Nagar Haveli,396230,,,,,,,,,
DADRA AND NAGAR HAVELI(UT),26010100607,2015-16,P.S. BHUSARPADA,DADRA AND NAGAR HAVELI,RANDHA,MORKHAL,Dadar and Nagar Haveli,396230,,,,,,,,,
DADRA AND NAGAR HAVELI(UT),26010102801,2015-16,P.S. LUHARI,DADRA AND NAGAR HAVELI,NAROLI,LUHARI,Dadar and Nagar Haveli,396235,,,,,,,,,
DADRA AND NAGAR HAVELI(UT),26010102802,2015-16,P.S. PARESHPADA,DADRA AND NAGAR HAVELI,NAROLI,LUHARI,Dadar and Nagar Haveli,396235,,,,,,,,,
DADRA AND NAGAR HAVELI(UT),26010103401,2015-16,P.S. APTI,DADRA AND NAGAR HAVELI,DAPADA,APTI,Dadar and Nagar Haveli,396240,,,,,,,,,
DADRA AND NAGAR HAVELI(UT),26010106404,2015-16,P.S. KHOKARPADA,DADRA AND NAGAR HAVELI,MANDONI,CHISDA,Dadar and Nagar Haveli,396230,,,,,,,,,
DADRA AND NAGAR HAVELI(UT),26010106405,2015-16,P.S. MARGACHIMAL,DADRA AND NAGAR HAVELI,MANDONI,CHISDA,Dadar and Nagar Haveli,396230,,,,,,,,,
DADRA AND NAGAR HAVELI(UT),26010106406,2015-16,P.S.DADRIPADA,DADRA AND NAGAR HAVELI,MANDONI,CHISDA,Dadar and Nagar Haveli,396230,,,,,,,,,
DADRA AND NAGAR HAVELI(UT),26010107001,2015-16,P.S. KHEDPA,DADRA AND NAGAR HAVELI,MANDONI,KHEDPA,Dadar and Nagar Haveli,396230,,,,,,,,,
DADRA AND NAGAR HAVELI(UT),26010105502,2015-16,P.S. KATHYAPADA MARATHI MEDIUM,DADRA AND NAGAR HAVELI,KHANVEL,KHUTALI,Dadar and Nagar Haveli,396230,,,,,,,,,
DADRA AND NAGAR HAVELI(UT),26010105503,2015-16,P.S. DIGHEMAL,DADRA AND NAGAR HAVELI,KHANVEL,KHUTALI,Dadar and Nagar Haveli,396230,,,,,,,,,
DADRA AND NAGAR HAVELI(UT),26010106310,2015-16,LOURD MATA RUDANA,DADRA AND NAGAR HAVELI,KHANVEL,RUDANA,Dadar and Nagar Haveli,396230,,,,,,,,,
DADRA AND NAGAR HAVELI(UT),26010101407,2015-16,P.S. KUMBHARVADI,DADRA AND NAGAR HAVELI,NAROLI,NAROLI,Dadar and Nagar Haveli,396235,,,,,,,,,
DADRA AND NAGAR HAVELI(UT),26010103402,2015-16,P.S. PATELPADA,DADRA AND NAGAR HAVELI,DAPADA,APTI,Dadar and Nagar Haveli,396240,,,,ChIJb6VNi07L4DsR_KsRGiQFNPE,B,Locality,dadra and nagar haveli,Patel Pada,"Silvassa-Vapi Rd, Samarvarni, Silvassa, Dadra and Nagar Haveli 396230, India"
DADRA AND NAGAR HAVELI(UT),26010103006,2015-16,ISU RUDAY HIGH SCHOOL DAPADA,DADRA AND NAGAR HAVELI,DAPADA,DAPADA,Dadar and Nagar Haveli,396230,,,,,,,,,
DADRA AND NAGAR HAVELI(UT),26010102609,2015-16,"ST. JOHN BRITTO PRIMARY SCHOOL, VASONA",DADRA AND NAGAR HAVELI,DAPADA,VASONA,Dadar and Nagar Haveli,396230,,,,,,,,,
DADRA AND NAGAR HAVELI(UT),26010100801,2015-16,C.P.S. RANDHA,DADRA AND NAGAR HAVELI,RANDHA,MOTA RANDHA,Dadar and Nagar Haveli,396230,,,,,,,,,
DADRA AND NAGAR HAVELI(UT),26010107002,2015-16,P.S.HATTIPADA,DADRA AND NAGAR HAVELI,MANDONI,KHEDPA,Dadar and Nagar Haveli,396230,,,,,,,,,
DADRA AND NAGAR HAVELI(UT),26010106801,2015-16,P.S. BEDPA,DADRA AND NAGAR HAVELI,MANDONI,BEDPA,Dadar and Nagar Haveli,396230,,,,,,,,,
DADRA AND NAGAR HAVELI(UT),26010106802,2015-16,P.S. SUTHARPADA,DADRA AND NAGAR HAVELI,MANDONI,BEDPA,Dadar and Nagar Haveli,396230,,,,,,,,,
DADRA AND NAGAR HAVELI(UT),26010106803,2015-16,P.S. PATELPADA,DADRA AND NAGAR HAVELI,MANDONI,BEDPA,Dadar and Nagar Haveli,396230,,,,ChIJb6VNi07L4DsR_KsRGiQFNPE,B,Locality,dadra and nagar haveli,Patel Pada,"Silvassa-Vapi Rd, Samarvarni, Silvassa, Dadra and Nagar Haveli 396230, India"
DADRA AND NAGAR HAVELI(UT),26010106901,2015-16,C.P.S. SINDONI,DADRA AND NAGAR HAVELI,MANDONI,SINDONI,Dadar and Nagar Haveli,396230,,,,,,,,,
DADRA AND NAGAR HAVELI(UT),26010102401,2015-16,C.P.S. RAKHOLI,DADRA AND NAGAR HAVELI,RAKHOLI,RAKHOLI,Dadar and Nagar Haveli,396240,,,,,,,,,
DADRA AND NAGAR HAVELI(UT),26010102402,2015-16,P.S. RAKHOLI ENG. MEDIUM,DADRA AND NAGAR HAVELI,RAKHOLI,RAKHOLI,Dadar and Nagar Haveli,396240,,,,,,,,,
DADRA AND NAGAR HAVELI(UT),26010102501,2015-16,P.S. KARAD,DADRA AND NAGAR HAVELI,RAKHOLI,KARAD,Dadar and Nagar Haveli,396240,,,,,,,,,
DADRA AND NAGAR HAVELI(UT),26010107104,2015-16,VASUNDHARA VIDYAPEETH,DADRA AND NAGAR HAVELI,AMBOLI,PARZAI,Dadar and Nagar Haveli,396230,,,,,,,,,
DADRA AND NAGAR HAVELI(UT),26010100802,2015-16,P.S. BHOYAPADA,DADRA AND NAGAR HAVELI,RANDHA,MOTA RANDHA,Dadar and Nagar Haveli,396230,,,,,,,,,
DADRA AND NAGAR HAVELI(UT),26010101809,2015-16,KASHIRAM SCHOOL,DADRA AND NAGAR HAVELI,SILVASSA,SAMARVARNI,Dadar and Nagar Haveli,396230,,,,ChIJkRDU4ELL4DsRSxx4zctAkvc,A,Street Address,silvassa,Kashiram School,"Samarvarni, Silvassa, Dadra and Nagar Haveli 396230, India"
DADRA AND NAGAR HAVELI(UT),26010107101,2015-16,P.S. PARZAI MARATHI,DADRA AND NAGAR HAVELI,AMBOLI,PARZAI,Dadar and Nagar Haveli,396230,,,,,,,,,
DADRA AND NAGAR HAVELI(UT),26010107102,2015-16,P.S. PATILPADA MARATHI,DADRA AND NAGAR HAVELI,AMBOLI,PARZAI,Dadar and Nagar Haveli,396230,,,,,,,,,
DADRA AND NAGAR HAVELI(UT),26010106902,2015-16,P.S.TORNICHIMAL,DADRA AND NAGAR HAVELI,MANDONI,SINDONI,Dadar and Nagar Haveli,396230,,,,,,,,,
DADRA AND NAGAR HAVELI(UT),26010101103,2015-16,P.S. ZARIPADA,DADRA AND NAGAR HAVELI,KILVANI,GALONDA,Dadar and Nagar Haveli,396230,,,,,,,,,
DADRA AND NAGAR HAVELI(UT),26010106903,2015-16,P.S. TORANPADA,DADRA AND NAGAR HAVELI,MANDONI,SINDONI,Dadar and Nagar Haveli,396230,,,,,,,,,
DADRA AND NAGAR HAVELI(UT),26010106904,2015-16,P.S. SINDANIPADA,DADRA AND NAGAR HAVELI,MANDONI,SINDONI,Dadar and Nagar Haveli,396230,,,,,,,,,
DADRA AND NAGAR HAVELI(UT),26010107337,2015-16,MAHARSHI PATANJALI VIDYA MANDIR,DADRA AND NAGAR HAVELI,SILVASSA,SILVASSA,Dadar and Nagar Haveli,396230,,,,,,,,,
DADRA AND NAGAR HAVELI(UT),26010102106,2015-16,P.S. BHOYAPADA,DADRA AND NAGAR HAVELI,RAKHOLI,SAILY,Dadar and Nagar Haveli,396240,,,,,,,,,
DADRA AND NAGAR HAVELI(UT),26010102201,2015-16,C.P.S. MASAT,DADRA AND NAGAR HAVELI,RAKHOLI,MASAT,Dadar and Nagar Haveli,396230,,,,,,,,,
DADRA AND NAGAR HAVELI(UT),26010102202,2015-16,P.S. PADRIPADA,DADRA AND NAGAR HAVELI,RAKHOLI,MASAT,Dadar and Nagar Haveli,396230,,,,,,,,,
DADRA AND NAGAR HAVELI(UT),26010105701,2015-16,P.S. KALA,DADRA AND NAGAR HAVELI,AMBOLI,KALA,Dadar and Nagar Haveli,396230,,,,,,,,,
DADRA AND NAGAR HAVELI(UT),26010105702,2015-16,P.S. MANIPADA,DADRA AND NAGAR HAVELI,AMBOLI,KALA,Dadar and Nagar Haveli,396230,,,,ChIJwVMG2bs25zsRgfbWPw9JCnI,B,Locality,dadra and nagar haveli,"Primary School Amboli, Manipada","Surangi, Dadra and Nagar Haveli 396240, India"
DADRA AND NAGAR HAVELI(UT),26010105801,2015-16,P.S. KARACHGAM MARATHI,DADRA AND NAGAR HAVELI,AMBOLI,KARACHGAM,Dadar and Nagar Haveli,396230,,,,,,,,,
DADRA AND NAGAR HAVELI(UT),26010101106,2015-16,P.S. PARSIPADA,DADRA AND NAGAR HAVELI,KILVANI,GALONDA,Dadar and Nagar Haveli,396230,,,,,,,,,
DADRA AND NAGAR HAVELI(UT),26010101207,2015-16,P.S. HOLIFALIA,DADRA AND NAGAR HAVELI,KILVANI,ATHOLA,Dadar and Nagar Haveli,396230,,,,,,,,,
DADRA AND NAGAR HAVELI(UT),26010107211,2015-16,P.S.KAKADIYA FALIA,DADRA AND NAGAR HAVELI,SILVASSA,AMLI,Dadar and Nagar Haveli,396230,,,,,,,,,
DADRA AND NAGAR HAVELI(UT),26010100105,2015-16,P.S.DADRA ENG.MEDIUM,DADRA AND NAGAR HAVELI,DADRA,DADRA,Dadar and Nagar Haveli,396193,,,,,,,,,
DADRA AND NAGAR HAVELI(UT),26010102805,2015-16,P.S. BORDENPADA,DADRA AND NAGAR HAVELI,NAROLI,LUHARI,Dadar and Nagar Haveli,396235,,,,,,,,,
DADRA AND NAGAR HAVELI(UT),26010102003,2015-16,P.S. KHORIPADA,DADRA AND NAGAR HAVELI,KILVANI,UMARKUI,Dadar and Nagar Haveli,396230,,,,,,,,,
DADRA AND NAGAR HAVELI(UT),26010102004,2015-16,P.S. BEDUNPADA,DADRA AND NAGAR HAVELI,KILVANI,UMARKUI,Dadar and Nagar Haveli,396230,,,,,,,,,
DADRA AND NAGAR HAVELI(UT),26010102005,2015-16,P.S. OZARPADA,DADRA AND NAGAR HAVELI,KILVANI,UMARKUI,Dadar and Nagar Haveli,396230,,,,,,,,,
DADRA AND NAGAR HAVELI(UT),26010102006,2015-16,P.S. DUNGARPADA,DADRA AND NAGAR HAVELI,KILVANI,UMARKUI,Dadar and Nagar Haveli,396230,,,,,,,,,
DADRA AND NAGAR HAVELI(UT),26010102007,2015-16,P.S. HATPADA,DADRA AND NAGAR HAVELI,KILVANI,UMARKUI,Dadar and Nagar Haveli,396230,,,,ChIJLUa9mLLK4DsRn_qmBELbrSw,B,Locality,dadra and nagar haveli,Umarkoi Hatpada,"hatpada umarkoi dadara, Silvassa, Dadra and Nagar Haveli 396230, India"
