City,EduID,AC_YEAR,Name,Locality,Street Address,VILLAGE_NAME,State,Pincode,,,,h_place_id,h_category,h_col,h_word,h_name,h_address
NORTH GOA,30010100401,2015-16,ROSARY CONVENT PRIMARY SCHOOL,PERNEM,MANDRE/MORJI,MANDREM,Goa,403527,,,,ChIJ7R5zgu7uvzsRNvX1nfpU5xQ,A,VILLAGE_NAME,mandrem,Our Lady of the Rosary School,"Mandrem, Goa 403512, India"
NORTH GOA,30010100201,2015-16,OUR LADY OF MOUNT CARMEL HIGH SCHOOL,PERNEM,PALYE/KERI/HARMAL,ARAMBOL,Goa,403524,,,,ChIJccPCPVDuvzsRekI_h7rt43Q,A,VILLAGE_NAME,arambol,Our Lady Of Mount Carmel High School,"Arambol, Goa 403519, India"
NORTH GOA,30010500308,2015-16,ANJUMAN NURUL ISLAM HIGH SC,TISWADI,PANAJI 1,PANAJI,Goa,403001,,,,ChIJF9yDPY_AvzsRGYxCH04UkZM,B,Pincode,403001,Anjuman Nurul Islam High School,"Dr .Dada Vaidya Rd, Ozari, Panjim, Goa 403001, India"
NORTH GOA,30010100102,2015-16,G.P.S. IBRAMPUR,PERNEM,CHANDEL/HASSAPUR,IBRAMPUR,Goa,403503,,,,,,,,,
NORTH GOA,30010100204,2015-16,HARMALPANCHAKROSHI  HR SEC SCHOOL,PERNEM,PALYE/KERI/HARMAL,ARAMBOL,Goa,403524,,,,ChIJdfpDRkXuvzsRjklIzGq2GHs,A,VILLAGE_NAME,arambol,Harmal Panchakroshi Higher Sec. School,"274/1, Major District Road 17, Arambol, Goa 403524, India"
SOUTH GOA,30020107801,2015-16,ST. ROCKS HIGH SCHOOL,SALCETE,G.P.S BARADI,TOLLECANTO,Goa,403723,,,,ChIJef5n-vNMvjsRBMs8jIqpDHE,A,VILLAGE_NAME,tollecanto,St. Rock's High School,"South Goa, Tollecanto, Ambelim, Goa 403723, India"
SOUTH GOA,30020103307,2015-16,NEW ERA HIGH SCHOOL,SALCETE,G.H.S. AQUEM VIDYANAGAR,MARGAO,Goa,403601,,,,ChIJp6hDwemzvzsRvqRAmOxeq8Y,A,VILLAGE_NAME,margao,New Era High School,"Vishant Road, Margao, Vishant Road, Martin Dias Rd, Malbhat, Goa, 403601, India"
SOUTH GOA,30020103308,2015-16,BHATIKAR MODEL HIGH SCHOOL,SALCETE,GOVT. MULTIPURPOSE HS BORDA,MARGAO,Goa,403709,,,,ChIJbYhduy6yvzsRpmgrZHIFMiQ,A,VILLAGE_NAME,margao,Bhatikar Model High School,"Gogal Housing Board, South Goa, Margao, Goa 403601, India"
SOUTH GOA,30020103330,2015-16,RAMACRISHNA MADEVA SALGAOCAR HR. SE,SALCETE,G.P.S. A.V.LOURENCE,MARGAO,Goa,403601,,,,ChIJ_f___9KzvzsRYgfcqXaToU8,A,VILLAGE_NAME,margao,R M Salgaocar Higher Secondary School,"Govind Ramnath Kare Road, Tansor, Comba, Margao, Goa 403601, India"
SOUTH GOA,30020503206,2015-16,G.P.S SATORLIM,CANACONA,CRC YEDA KHOTIGAO,GAONDONGARI,Goa,403702,,,,,,,,,
SOUTH GOA,30020503207,2015-16,G.P.S SHRISTHAL,CANACONA,CRC  GAONDONGARI,GAONDONGARI,Goa,403702,,,,ChIJLbMKeJFavjsR-cE4xIu_QXk,B,Locality,canacona,Sristhal,"Mastimol, Canacona, Goa 403702, India"
SOUTH GOA,30020503208,2015-16,G.P.S TUDAL,CANACONA,CRC  GAONDONGARI,GAONDONGARI,Goa,403702,,,,ChIJE0sDtEhXvjsRj7hxjB6iQM0,B,Pincode,403702,Tudal High School Tudal - Gaondongrim,"Gaodongrem, Goa 403702, India"
SOUTH GOA,30020200301,2015-16,"GOVERNMENT PRIMARY MIDDLE SCHOOL, JETTY",MORMUGAO,G.P.S. BOGDA,JETTY,Goa,403803,,,,,,,,,
SOUTH GOA,30020501401,2015-16,G.P.S NEVEM KHOLA,CANACONA,CRC GAVAL KHOL, KHOLA,Goa,403703,,,,,,,,,
SOUTH GOA,30020501501,2015-16,G.P.S BHATPAL ,CANACONA,CRC  GAONDONGARI,SHRISTHAL,Goa,403702,,,,ChIJF5iJpGBavjsRiQWROQv58nU,B,Pincode,403702,Bhatpal Market,"South Goa, Goa 403702, India"
SOUTH GOA,30020501502,2015-16,G.P.S. VAIZAWADA,CANACONA,CRC SHRISTHAL,SHRISTHAL,Goa,403702,,,,,,,,,
SOUTH GOA,30020501503,2015-16, SHRI SARASWATI VIDYA MANDIR KHALWADEM,CANACONA,CRC SHRISTHAL,SHRISTHAL,Goa,403702,,,,,,,,,
NORTH GOA,30010201904,2015-16,GPS CHIKALI COLVALE,BARDEZ,G.P.S. MUNAG ASSAGAO,COLVALE,Goa,403513,,,,,,,,,
NORTH GOA,30010201905,2015-16,GPS TARWADA COLVALE,BARDEZ,G.P.M.S. THIVIM,COLVALE,Goa,403513,,,,,,,,,
NORTH GOA,30010201907,2015-16,DR. AMBEDKAR HIGHER SECONDARY SCHOO,BARDEZ,G.P.S. TANK REVODA,COLVALE,Goa,403513,,,,ChIJLakZ4VfrvzsRMl_h2s51DtM,A,VILLAGE_NAME,colvale,Dr. Ambedkar Higher Secondary School,"Rai Vaddo, Colvale, Bardez, Goa 403513, India"
NORTH GOA,30010201908,2015-16,SHREE RAM VIDYA MANDIR,BARDEZ,G.P.S. MUNAG ASSAGAO,COLVALE,Goa,403513,,,,ChIJ347QrEXrvzsRD5WSSK3T3cM,A,VILLAGE_NAME,colvale,Shri Ram Vidya Mandir School,"Mini Satellite Twp, Colvale, Goa 403517, India"
SOUTH GOA,30020500304,2015-16,G. P.S. DHAWALKHAJAN,CANACONA,CRC AGONDA,AGONDA,Goa,403702,,,,,,,,,
SOUTH GOA,30020500305,2015-16,G.P.S. PARVEM,CANACONA,CRC AGONDA,AGONDA,Goa,403702,,,,,,,,,
SOUTH GOA,30020500307,2015-16,G.P.S.  MUDKUD,CANACONA,CRC AGONDA,AGONDA,Goa,403702,,,,ChIJ3fO5u7NPvjsR4QKgQtxAj_k,A,VILLAGE_NAME,agonda,"Shree Lakhaneshwar Temple, Mudkud","Mudkud, Agonda, Goa 403702, India"
SOUTH GOA,30020500308,2015-16,ST. ANNE'S INSTITUTE HIGH SCHOOL,CANACONA,CRC GAVAL KHOL,AGONDA,Goa,403702,,,,,,,,,
NORTH GOA,30010600410,2015-16,KENDRIYA VIDYALAYA PONDA,PONDA,CURTI - KHANDEPAR,CURTI,Goa,403401,,,,ChIJx-xVGMO6vzsRwSDiqLcwls4,A,VILLAGE_NAME,curti,KENDRIYA VIDYALAYA PONDA,"Curti, Ponda, Goa 403401, India"
NORTH GOA,30010600513,2015-16,G.V.M.'S PRIMARY-MARATHIMEDIUM,PONDA,G.P.S.SADAR PONDA,PONDA,Goa,403401,,,,ChIJ0bVnNrm6vzsRsj0HYqH7jWU,A,VILLAGE_NAME,ponda,G V M's K.G. & Primary School,"Old Bus Stand, Khadpabandh Road, Opp. Heritage Princess Building, Ponda, Goa 403401, India"
NORTH GOA,30010409601,2015-16,G.P.S. SAWANTWADA PAL,SATTARI,G.H.S. THANE,PAL,Goa,403506,,,,ChIJNcizjSDuvzsRGuXdorPKfpk,A,VILLAGE_NAME,pal,Kiranpani Eco Farm (Abode in Nature's Palm),"Kiranpani Eco Farm, Kiranpani, Near Bridge, Paliyem, Arambol, Goa 403524, India"
NORTH GOA,30010500809,2015-16,JADEED URDU PRIMARY SCHOOL (KON),TISWADI, ,CHIMBEL,Goa,403006,,,,,,,,,
NORTH GOA,30010500811,2015-16,JADEED HIGHER SECONDARY SCHOOL,TISWADI, ,CHIMBEL,Goa,403006,,,,,,,,,
NORTH GOA,30010103001,2015-16,G.P.S. CHOPDE,PERNEM,PARSE/TUEM/AGARWADA,CHOPDE,Goa,403512,,,,,,,,,
NORTH GOA,30010103101,2015-16,G.P.S. CHANDEL,PERNEM,CHANDEL/HASSAPUR,CHANDEL,Goa,403512,,,,,,,,,
NORTH GOA,30010103102,2015-16,G.H.S. CHANDEL,PERNEM,CHANDEL/HASSAPUR,CHANDEL,Goa,403512,,,,,,,,,
NORTH GOA,30010103301,2015-16,"G.P.S. MADKAI, OZARI",PERNEM,KASSARVARNE/OZARI,OZARI,Goa,403513,,,,,,,,,
NORTH GOA,30010201909,2015-16,ST RITA'S PRY SCHOOL,BARDEZ,G.P.S. TANK REVODA,COLVALE,Goa,403513,,,,ChIJVVVVVajsvzsRobuWsBGX9fo,A,VILLAGE_NAME,colvale,St. Ritas High School,"Shop No. 479, Colvale, Goa 403517, India"
SOUTH GOA,30020100318,2015-16,GRACE CHILDREN PRIMARY SCHOOL,SALCETE,G.H.S. AQUEM VIDYANAGAR,MARGAO,Goa,403601,,,,ChIJp6hDwemzvzsR5EVyyOzbeHM,A,VILLAGE_NAME,margao,Grace Children Primary School,"Antonette Mansion, H No-113, Margao, Grace Church, Margao, Goa, 403601, India"
NORTH GOA,30010200811,2015-16,GPS ALTO BETIM,BARDEZ,G.H.S. ALTO BETIM,PENHA DE FRANCE,Goa,403521,,,,,,,,,
NORTH GOA,30010200813,2015-16,GHS ALTO BETIM,BARDEZ,G.H.S. ALTO BETIM,PENHA DE FRANCE,Goa,403521,,,,ChIJ_VstK_e_vzsRHnjyTZLcq4M,B,Locality,bardez,Palm Street By GHD Group,"IT Park Rd, Donwaddo, Donwaddo, Salvador Do Mundo, Bardez, Goa 403101, India"
NORTH GOA,30010301510,2015-16,SHRI SHANTADURGA HR. SECONDARY SCH.,BICHOLIM,BICHOLIM,BICHOLIM,Goa,403504,,,,ChIJ-f___4uWvzsRa7AV_kZm_sc,A,Street Address,bicholim,Shri Shantadurga High School,"Bordem, Bicholim, Goa 403504, India"
NORTH GOA,30010301511,2015-16,SANE GURUJI PRIMARY SCHOOL,BICHOLIM,BICHOLIM,BICHOLIM,Goa,403504,,,,,,,,,
